H,V,C,x,y,Y,picture,R,G,B
,,,0.2013406380666145,0.2870875009051669,0.05050999875197008,0.png,0,72,83
,,,0.1972406628792453,0.2836874907868099,0.05109999940726678,1.png,0,72,85
,,,0.17404066097384993,0.2486875064441223,0.051949997537896773,2.png,0,73,97
,,,0.18804068501396215,0.2637875233009246,0.051879998984032415,3.png,0,73,91
,,,0.19284066186921964,0.3130874800086703,0.06103999916997716,4.png,0,81,85
,,,0.19704063105574846,0.2843875000632634,0.05467999562041659,5.png,0,75,87
,,,0.17674063620772876,0.25458751325173157,0.05614000000073396,6.png,0,76,98
,,,0.16414066287395293,0.24388748493906764,0.05813000156903452,7.png,0,78,104
,,,0.1782406322969115,0.2534874945523177,0.055650000728865154,8.png,0,76,98
,,,0.1923406690266978,0.2669875107858865,0.05608000106178928,9.png,0,75,94
,,,0.19514067504882657,0.2575874959113649,0.053649997274750325,10.png,0,73,94
,,,0.1897406432627505,0.253787525693192,0.05480999734384857,11.png,0,74,96
,,,0.19554064413656888,0.30308748701239174,0.06426000233162286,12.png,0,82,90
,,,0.18424068270421234,0.25188749010943595,0.05703999847653419,13.png,0,76,99
,,,0.1844406561934318,0.2544875197284399,0.05784999672259943,14.png,0,76,99
,,,0.19004066146752366,0.26808749984750463,0.05922000262071828,15.png,0,78,96
,,,0.19314064115728574,0.29518749880205464,0.06420000384244869,16.png,0,82,92
,,,0.1941406418689428,0.2882875170278145,0.06391999336203841,17.png,0,81,93
,,,0.19444062351945124,0.2693875037056661,0.05990999587140012,18.png,0,78,96
,,,0.20354066408885538,0.2856875215694917,0.060999994694011836,19.png,0,78,91
,,,0.19674066687855457,0.3039875054140838,0.06718999779781633,20.png,0,84,91
,,,0.19904065539040092,0.2851875231376837,0.06374000252842574,21.png,0,81,94
,,,0.19454065773915546,0.2905875271822698,0.06683000600749094,22.png,0,83,95
,,,0.1903406743791897,0.2614875020749751,0.06262000067329666,23.png,0,79,100
,,,0.1497067333746596,0.26166413150926593,0.0799400049801504,24.png,0,94,117
,,,0.1793406272885455,0.2514875060144641,0.06424000144913529,25.png,0,81,106
,,,0.28548500739718224,0.48209995249764737,0.0781500074923291,26.png,27,90,45
,,,0.191940675281107,0.26638749639091824,0.0652799969660474,27.png,0,81,101
,,,0.16020675975178206,0.2757641156836662,0.08116000769659229,28.png,0,95,112
,,,0.20850820778374715,0.2039562748313032,0.046189997983602585,29.png,34,61,102
,,,0.1609067126400131,0.29636412741679774,0.08721001716330387,30.png,0,99,109
,,,0.30388500153772785,0.46719993704772117,0.07332999350472201,31.png,43,86,44
,,,0.18174064313209587,0.2673875139801887,0.0705699935348684,32.png,0,85,105
,,,0.1868406524445156,0.3046874782913449,0.07830999958750813,33.png,0,91,99
,,,0.15780674704065384,0.24566412169248927,0.07609000213859907,34.png,0,90,118
,,,0.1594067177371463,0.2745640946509394,0.08459999345996941,35.png,0,97,115
,,,0.19994064185904223,0.2690874945290116,0.06613999931357903,36.png,0,81,100
,,,0.1992406715796176,0.27058751027116845,0.06705999728019063,37.png,0,82,100
,,,0.2788849559926233,0.4884999550756598,0.0867100073138409,38.png,19,96,47
,,,0.1564067249402648,0.25596412478352537,0.08129001176140767,39.png,0,94,119
,,,0.15800674572591558,0.24936413463518015,0.07915000758494871,40.png,0,92,119
,,,0.28758497500140046,0.48529995099273593,0.08464000123701507,41.png,30,94,46
,,,0.2649887211416014,0.5526370437945719,0.10549999347483512,42.png,0,108,37
,,,0.2690887417471105,0.5745370190147617,0.10867000425449329,43.png,0,110,28
,,,0.26958869628412496,0.5790370225498088,0.11129998931672024,44.png,0,111,27
,,,0.2000082166807484,0.1817562852399128,0.04766000347929981,45.png,34,60,113
,,,0.3128849812920699,0.46639994869875945,0.07909000855851271,46.png,50,88,45
,,,0.2794887017646498,0.5888370380107983,0.11383999587666133,47.png,0,112,19
,,,0.19330820637674204,0.19095627490052433,0.053400005398414815,48.png,21,66,116
,,,0.2935887499631543,0.5664369902190616,0.10674998396033873,49.png,7,107,24
,,,0.18660817763703516,0.1748562848624238,0.052550001793931087,50.png,16,65,122
,,,0.2983849765262456,0.4870999626130249,0.0917900011285707,51.png,40,97,46
,,,0.2984887200403228,0.5619370189177955,0.10610000156766715,52.png,19,106,24
,,,0.19310820110978552,0.1909562862428387,0.05588000465702405,53.png,21,68,118
,,,0.16510677569153354,0.2513641131399212,0.08610001114006961,54.png,0,95,123
,,,0.2904887276353077,0.5596369963713473,0.10924998871414106,55.png,4,108,28
,,,0.26700387791668906,0.4783130806406928,0.1016199913902713,56.png,2,104,56
,,,0.15960671415804625,0.28266411724733204,0.10106999675027144,57.png,0,105,122
,,,0.15843060507425655,0.2538717656454994,0.09194999030986113,58.png,0,99,126
,,,0.1928081862681252,0.1935562880408762,0.05769999754750659,59.png,19,69,119
,,,0.3092849909597081,0.48549994770157273,0.09034000258124554,60.png,47,95,44
,,,0.2983887118862119,0.5613370453588237,0.10831000179809042,61.png,19,108,25
,,,0.3104849236129382,0.459699949081409,0.08555999900742242,62.png,52,92,49
,,,0.2925887178961926,0.5635370003469968,0.11300998465110171,63.png,7,110,27
,,,0.30438496743591215,0.4735999461699676,0.09137999994778309,64.png,47,96,48
,,,0.3044887216851778,0.5489370192057668,0.10615000127982463,65.png,31,106,28
,,,0.18420817522809066,0.1579562892363633,0.0505200002088942,66.png,23,61,128
,,,0.20480819740776648,0.18875627922201976,0.05431000406672622,67.png,39,64,117
,,,0.2702887068289622,0.5336370640840172,0.11639998766388539,68.png,0,112,44
,,,0.2945886885246273,0.5652370708102773,0.11312998725967674,69.png,10,110,25
,,,0.2917887335540034,0.5661370094377381,0.11502998333234818,70.png,3,111,26
,,,0.19290818949715174,0.17535629004063172,0.054050004262207026,71.png,29,64,123
,,,0.1787067576469163,0.2889641302900586,0.09626001391526988,72.png,0,101,115
,,,0.169806708823074,0.24036410546308126,0.08441999502844168,73.png,0,93,125
,,,0.2941887045288472,0.5638370643682203,0.11436999757151217,74.png,11,111,26
,,,0.2942038808493039,0.5160130672763383,0.10494000386445274,75.png,30,105,42
,,,0.15630674613119555,0.2895641163845845,0.11108999849057118,76.png,0,111,125
,,,0.1817082040984271,0.16805627366708256,0.05550000365023012,77.png,7,66,129
,,,0.1954082118736007,0.18485627918093991,0.05682000249979141,78.png,29,67,122
,,,0.4533040945764739,0.4294002698279242,0.05702000432745431,79.png,89,63,22
,,,0.27398870234586775,0.49743703081162716,0.10993999427885513,80.png,7,108,52
,,,0.2931887009021239,0.565137030671786,0.11683999616049186,81.png,7,112,26
,,,0.29298874030318894,0.5640370240249964,0.11696998716539769,82.png,8,112,27
,,,0.27148871740082686,0.5605370739448574,0.125469990833584,83.png,0,117,36
,,,0.4569040773698083,0.4308002948464716,0.057409998663076306,84.png,90,63,21
,,,0.29208871070727566,0.5635370087119277,0.11768998734510096,85.png,6,112,27
,,,0.2989887214866973,0.564037010967307,0.11538998793384425,86.png,20,111,25
,,,0.3046849909549707,0.47229992506647556,0.09497000301664148,87.png,49,97,50
,,,0.19070821513627934,0.1731562785868432,0.05569999813811081,88.png,27,65,126
,,,0.31010386694393527,0.5017131021838604,0.09925999896514073,89.png,46,100,41
,,,0.44790407572622676,0.4382003209356814,0.060079996066723894,90.png,89,66,21
,,,0.44990409499053174,0.438200292895783,0.059890005546518625,91.png,89,65,21
,,,0.1869082144405241,0.1679562807988218,0.055470003513330146,92.png,23,65,128
,,,0.4473040569116541,0.4367002898793916,0.060279997430417995,93.png,89,66,22
,,,0.17910672640080882,0.28326412826910774,0.09779000048721996,94.png,0,101,118
,,,0.2983850058830715,0.4955999375676857,0.10274001098324911,95.png,40,103,46
,,,0.2932886902514737,0.540637029960138,0.11407000599908866,96.png,21,110,35
,,,0.1856081951591319,0.1702562810328219,0.05678000714371452,97.png,18,67,129
,,,0.19240822347445413,0.17855628327415102,0.05768000388583739,98.png,28,67,125
,,,0.28418872185829397,0.5861370199241329,0.12833998875855193,99.png,0,118,21
,,,0.21130821525722357,0.19965628699961877,0.0591200007917334,100.png,44,68,116
,,,0.188608209071163,0.16715627030546915,0.055540005597209216,101.png,27,65,129
,,,0.30818499301271124,0.4899999337709437,0.09969000166371425,102.png,48,100,45
,,,0.45720409162312886,0.4303002803348453,0.059019997913444144,103.png,91,64,22
,,,0.44590408987588126,0.4343002969164371,0.0611299969291246,104.png,89,66,23
,,,0.29110385434021563,0.5173130485139246,0.11160999782758295,105.png,28,108,43
,,,0.3073038322420779,0.49051308811300237,0.1005199997287745,106.png,47,101,46
,,,0.19090820995490468,0.16145629718308457,0.053450007565393615,107.png,34,62,129
,,,0.3056849748144808,0.49139995100411277,0.10163000510901926,108.png,46,101,46
,,,0.4469040268772621,0.4345002912399266,0.06157999812233012,109.png,90,66,23
,,,0.3145849835518445,0.48849995914368916,0.09877999594461638,110.png,52,99,44
,,,0.1606067596931465,0.2799641257043733,0.11101001632901496,111.png,0,110,128
,,,0.45240408296570994,0.43800028591745227,0.061760002555222626,112.png,91,66,21
,,,0.18730820125525743,0.16595627083785203,0.05667000413744019,113.png,26,65,131
,,,0.1824067402858447,0.2819641182599292,0.09903000000608084,114.png,0,102,118
,,,0.18510822050153575,0.1613562856168619,0.055910001170413275,115.png,24,65,132
,,,0.16680675043858706,0.27766414899890435,0.10687999878673811,116.png,0,107,126
,,,0.28758870807241055,0.5594370160788503,0.12502000537749025,117.png,0,116,32
,,,0.3044850044898437,0.4682999273551343,0.09886000117434084,118.png,50,99,52
,,,0.4600040762387018,0.42210026167776143,0.059150003251629134,119.png,93,63,24
,,,0.19250817299365966,0.17795628538092442,0.05967000257504661,120.png,29,68,128
,,,0.19380819137717586,0.17955627140761432,0.0599700054219003,121.png,30,68,127
,,,0.31108498429904313,0.4844999287335919,0.10092999867964825,122.png,51,100,47
,,,0.29980385170164475,0.5211130727450504,0.11274999454634207,123.png,36,108,40
,,,0.45720404045290924,0.42760033414398774,0.06075000296056567,124.png,93,64,23
,,,0.446704024171412,0.43250032209858835,0.06296000060285784,125.png,91,67,24
,,,0.46270405195187486,0.42910028719368803,0.0604200009300207,126.png,93,64,21
,,,0.2890849953851062,0.45279997303486896,0.1021100081656688,127.png,44,101,59
,,,0.17740671900675023,0.24856410267666113,0.09148000959545204,128.png,0,96,126
,,,0.30140422758972046,0.3152400826281665,0.06829999018165722,129.png,72,74,79
,,,0.2974886906878635,0.564437046308588,0.12411000211713027,130.png,18,115,26
,,,0.31328500576322704,0.48629990181736166,0.10154000663882845,131.png,53,101,46
,,,0.45530401899681244,0.4341003276411892,0.06250999773336595,132.png,93,66,21
,,,0.18300818517450046,0.154156287043735,0.055580004161431724,133.png,24,63,136
,,,0.295303828562123,0.5019130995004922,0.11218998533828778,134.png,37,107,47
,,,0.16480673348596295,0.25496410877194847,0.10219999257894614,135.png,0,104,131
,,,0.2726886991498658,0.5364370663615355,0.13013999766170428,136.png,0,118,45
,,,0.31218501394654113,0.47359992958958697,0.10054999344037155,137.png,55,100,49
,,,0.18750818866875277,0.16875628539888388,0.06033000138809464,138.png,25,68,133
,,,0.30838871550872554,0.5077370266194894,0.11041999832332339,139.png,46,106,42
,,,0.27750385235191,0.4766130694299779,0.11547000565298367,140.png,27,109,59
,,,0.1825067282052571,0.25406410198044815,0.0937100079338706,141.png,0,97,125
,,,0.4686040272450945,0.430400298930156,0.06197000247017385,142.png,96,64,19
,,,0.31910387178422933,0.49091308703293485,0.10392001291807569,143.png,56,101,44
,,,0.3122849578985364,0.48289994324087915,0.10448000842409526,144.png,54,102,48
,,,0.45380407270724593,0.43140028718011997,0.06425000344587659,145.png,94,67,23
,,,0.18920817475413196,0.17375628559658915,0.06211000966122433,146.png,26,70,132
,,,0.1581712395134928,0.27567888964715387,0.11790000414105127,147.png,0,113,133
,,,0.2994042396157384,0.3204400694644907,0.07263999723667604,148.png,72,77,80
,,,0.29820385210431755,0.524813026361452,0.1196200096154143,149.png,34,111,41
,,,0.2842038564538461,0.5107130840871859,0.12245999178499706,150.png,22,113,49
,,,0.31518498880406004,0.48739992083526984,0.10540000291511735,151.png,55,102,46
,,,0.3125849847303463,0.4701999278894388,0.10263000282634155,152.png,56,100,51
,,,0.28578868643287586,0.5602370433653638,0.1338899987286205,153.png,0,120,33
,,,0.3012849959488243,0.4880999119415851,0.11097000381543563,154.png,46,106,50
,,,0.2926038292989774,0.5133130684119133,0.1202899949016383,155.png,32,112,46
,,,0.4693040995022804,0.42530027264090914,0.06216999780526711,156.png,97,64,21
,,,0.14683059459717698,0.22407177124833327,0.10491000048085657,157.png,0,105,147
,,,0.31568500002108363,0.48439993781228385,0.10569999660584721,158.png,56,102,47
,,,0.31728500756175776,0.4829999571123065,0.10520000389313744,159.png,57,102,47
,,,0.18450819189310932,0.16085627680601836,0.060250003552859845,160.png,24,67,137
,,,0.3034038856572132,0.5211131010768498,0.11936998635035487,161.png,40,111,41
,,,0.14803062802470027,0.22907177618035918,0.10766999615952383,162.png,0,107,147
,,,0.16690676199335908,0.2744641273486582,0.11464002060173524,163.png,0,110,131
,,,0.3015887021461192,0.5606369718538095,0.12981999737139424,164.png,27,117,27
,,,0.1711067450219561,0.2803641173133744,0.11445000642916459,165.png,0,110,128
,,,0.30088500744507235,0.48409995871190986,0.11273999941625937,166.png,47,107,52
,,,0.18380671183954414,0.2589641176354696,0.09881999039780684,167.png,0,100,126
,,,0.3185038729721564,0.4880130897044417,0.10828001158501853,168.png,57,103,46
,,,0.298388733353722,0.5492369963103008,0.13028999523656895,169.png,27,117,33
,,,0.15033061559922312,0.2295717865394469,0.10822999712761507,170.png,0,107,147
,,,0.3251850110945399,0.47759993270961587,0.10413000080317614,171.png,62,100,47
,,,0.30580384923774606,0.5209130834481731,0.1212600018526285,172.png,43,111,41
,,,0.3020849711157593,0.49449996314057487,0.1166599995196252,173.png,46,109,49
,,,0.47330407184574425,0.4252002704214476,0.06412000043976276,174.png,99,64,20
,,,0.16750673410413267,0.2806641202767579,0.11989999785629352,175.png,0,113,131
,,,0.31260385760063475,0.5167130779756975,0.11840001487060528,176.png,49,109,40
,,,0.3170849896391758,0.492099967188338,0.11118999731525199,177.png,56,105,46
,,,0.4686040238114002,0.4245003017367987,0.06504999658555036,178.png,99,65,22
,,,0.30448869566600945,0.535837076122005,0.12639999390994852,179.png,38,114,36
,,,0.14503062119875032,0.22157178233349634,0.10996999933226084,180.png,0,108,152
,,,0.4479040867316568,0.42950028580104704,0.0695200007903178,181.png,96,70,27
,,,0.194008203296631,0.17895628399338387,0.06692000565793069,182.png,33,72,134
,,,0.3162042631123803,0.32974008462970217,0.07566999006688076,183.png,79,77,77
,,,0.2837038495094408,0.5178130796766729,0.1324499994633028,184.png,18,118,49
,,,0.2940038485796577,0.4852130611062747,0.1198199890099198,185.png,43,110,54
,,,0.188608201028156,0.17335629304233102,0.06674000623700001,186.png,26,72,137
,,,0.31558499830612885,0.4830999255639746,0.11171999063544838,187.png,57,105,49
,,,0.312004247729725,0.3310400687674771,0.07781999490494669,188.png,78,79,78
,,,0.1820081582679985,0.1591562678245068,0.06420000384244869,189.png,19,69,142
,,,0.28900385249510085,0.5122130959040172,0.13022998504144995,190.png,30,116,49
,,,0.2852038478644281,0.5019130445915496,0.12974000809559666,191.png,29,116,53
,,,0.2941038485755422,0.504013072451902,0.12637999138255643,192.png,38,114,50
,,,0.2980038395488645,0.48211310843901434,0.11933999997037824,193.png,47,110,54
,,,0.4692040441124188,0.4305003138283434,0.06815000547134833,194.png,100,67,20
,,,0.30610382910029077,0.5194130565197458,0.12624999710082427,195.png,45,113,42
,,,0.20540819966077942,0.20315627167128605,0.07365000405541267,196.png,40,77,128
,,,0.18580673366774872,0.26826411423367374,0.10752998990883074,197.png,0,104,127
,,,0.31500383503817536,0.5189131031162157,0.12300998457663476,198.png,51,111,39
,,,0.4713040621050781,0.40600029383181335,0.06440000010743388,199.png,102,63,28
,,,0.17320674600636116,0.28386411402748807,0.12263999288835775,200.png,0,114,131
,,,0.18950672237430602,0.2727641059681451,0.10771999604385064,201.png,0,104,125
,,,0.4490040877852512,0.4294003014397314,0.071630006170219,202.png,98,71,27
,,,0.3139038180824069,0.5222131386528764,0.12475999859343953,203.png,50,112,39
,,,0.4561040619033749,0.42990030730321394,0.0707100002309219,204.png,99,70,25
,,,0.3084042197031688,0.3256400626305666,0.07930999577955584,205.png,78,80,81
,,,0.30520387694576107,0.5159130768303279,0.12715001425278014,206.png,45,114,44
,,,0.47060402608870017,0.42130031816248337,0.06755999693200136,207.png,102,66,23
,,,0.16850675355400743,0.26956412003746016,0.1207800015634062,208.png,0,113,136
,,,0.457404088899563,0.4299002725985761,0.07101999265369839,209.png,100,70,24
,,,0.477304049112759,0.41050029968017715,0.06512000439006721,210.png,103,63,25
,,,0.4777040560687224,0.40150029002029675,0.06397000468725586,211.png,104,61,28
,,,0.16083062907994664,0.2504717746629658,0.11865000621017967,212.png,0,111,143
,,,0.1888067515887364,0.2696641108875446,0.10881999331496185,213.png,0,104,127
,,,0.2998038470686623,0.5034130946285983,0.1283200057819309,214.png,44,114,49
,,,0.19330674054571587,0.2710640878800316,0.10729999543880776,215.png,0,103,125
,,,0.48040409906875187,0.4249002829877554,0.0677900036167902,216.png,103,65,19
,,,0.3079042349735728,0.32734007333299886,0.081799987655013,217.png,79,81,82
,,,0.30030386380569685,0.5010130991442422,0.12881999829924512,218.png,45,114,50
,,,0.30620420726675374,0.3296400570141609,0.08315999020661748,219.png,78,82,82
,,,0.31270423073379294,0.33074005709673077,0.08235999612009924,220.png,81,81,81
,,,0.1464306379943827,0.2244717858207321,0.12103000219244049,221.png,0,113,157
,,,0.15513064712860353,0.2381717757991603,0.1216600144342348,222.png,0,113,151
,,,0.32490422602444247,0.34144006933351106,0.08386999062160927,223.png,84,82,77
,,,0.14533062790853027,0.23427178372686466,0.1290000037792712,224.png,0,117,157
,,,0.29810382597712504,0.5070130893334172,0.1362799816698023,225.png,43,118,50
,,,0.18190673814163583,0.26896412046866774,0.118940006636038,226.png,0,110,134
,,,0.30010423965902255,0.3205400785046314,0.08602998666267585,227.png,79,83,87
,,,0.31500423993648086,0.3321400779585019,0.08529999230442036,228.png,83,82,81
,,,0.17897124426024352,0.28367887844178735,0.12859000704073176,229.png,0,115,133
,,,0.30930425508841347,0.32814007145692403,0.0861199970109176,230.png,81,83,83
,,,0.3068042261879461,0.32514008095120517,0.08667999673627697,231.png,81,83,85
,,,0.1580712287204136,0.25627889402519327,0.1328300113264752,232.png,0,118,149
,,,0.14783061322712535,0.2260717851327682,0.12534998777462897,233.png,0,115,159
,,,0.18390672712011055,0.2661641400582273,0.11901000561247946,234.png,0,109,134
,,,0.32520426792706303,0.34124006223221653,0.08631999049046599,235.png,85,83,78
,,,0.33948871428253646,0.514037018699184,0.1251300019385408,236.png,68,110,35
,,,0.3082042504815942,0.32434006729930476,0.08720999681940735,237.png,82,83,85
,,,0.3159038352703472,0.5190130982398269,0.13728000147224956,238.png,55,117,42
,,,0.20000819204086948,0.19385628608152802,0.08099000717527545,239.png,39,81,138
,,,0.14783063065716315,0.23907179443254603,0.1365099996287606,240.png,0,120,159
,,,0.15987123698894978,0.2516788892269862,0.13322001132618025,241.png,0,118,150
,,,0.3105042648099582,0.3288400630312239,0.09012999743230117,242.png,84,85,85
,,,0.47270407396560044,0.4314002956724304,0.07835000684045927,243.png,108,72,20
,,,0.30690426286305844,0.3280400683209072,0.09188998839841026,244.png,83,86,86
,,,0.307304246286343,0.32024008681000476,0.0898399829909638,245.png,84,84,88
,,,0.3098041980604232,0.3259400733012677,0.0915899972585687,246.png,85,85,87
,,,0.15993060225307115,0.24827176986772181,0.13547999638815308,247.png,0,119,153
,,,0.17667123791816455,0.31667888517197496,0.15651999264681396,248.png,0,129,134
,,,0.31360423444645635,0.33864008411889657,0.09440000392950769,249.png,85,87,84
,,,0.31980424211718733,0.3420400710944523,0.09391999431628517,250.png,86,87,82
,,,0.30490428740847625,0.3199400706346363,0.09272000103454808,251.png,84,86,89
,,,0.15043063813771243,0.2318717988404503,0.1365999911689627,252.png,0,119,162
,,,0.30460424814386655,0.3253400664147366,0.09497998413434248,253.png,84,88,89
,,,0.3106042417544706,0.3244400650654991,0.09296000073526374,254.png,86,86,88
,,,0.31630424718454575,0.33394007240335855,0.09440000392950769,255.png,87,87,85
,,,0.18547124352466626,0.2935788733747491,0.14201999237685062,256.png,0,121,135
,,,0.32790382520185357,0.4777130999380077,0.13165000214551947,257.png,71,112,52
,,,0.30900425744058563,0.3241400873399803,0.09480000620614899,258.png,86,87,89
,,,0.15853062911849863,0.24717177264085752,0.14143000657553376,259.png,0,121,157
,,,0.30780422130472246,0.3226400746566044,0.09514999114540126,260.png,86,87,89
,,,0.16427122192866564,0.26287887376751634,0.14664001134323762,261.png,0,123,152
,,,0.16113062573466488,0.24977175182109718,0.14226999701001286,262.png,0,121,156
,,,0.1610306135939026,0.24997179984476522,0.14298000948687714,263.png,0,122,156
,,,0.31440424898439145,0.33464005759623155,0.0984900058337558,264.png,88,89,87
,,,0.1559306058318331,0.23267176122872926,0.138959996400438,265.png,0,119,162
,,,0.1774712358932697,0.31877888009564764,0.16761000582969218,266.png,0,133,137
,,,0.17267126529188476,0.3114789003420555,0.1683300011566444,267.png,0,134,141
,,,0.17217122000777094,0.29307891312883966,0.15901001510695337,268.png,0,129,144
,,,0.16023060915645232,0.24757177777929176,0.14563002090608762,269.png,0,122,158
,,,0.1746712669341974,0.3001788733840459,0.16495999782903112,270.png,0,131,144
,,,0.1908712479595242,0.29667892756662484,0.14932000146959132,271.png,0,123,136
,,,0.16853062519728582,0.25727177590264266,0.14671000491360986,272.png,0,122,154
,,,0.1677712110334069,0.27407891029053255,0.15750001283129847,273.png,0,128,152
,,,0.3180042175951345,0.33614008590495503,0.10245999028272382,274.png,91,90,87
,,,0.1555306290829833,0.23277178277815808,0.14546001212933424,275.png,0,122,166
,,,0.3185042409904449,0.3352400908306062,0.10255999423613144,276.png,91,90,88
,,,0.18367122561080806,0.3365789112289075,0.18114000587042622,277.png,0,138,135
,,,0.15273061160197576,0.23367176990115227,0.15197001356029333,278.png,0,125,169
,,,0.3174042386190506,0.33584008539883825,0.106729982537837,279.png,92,92,89
,,,0.17877125492058743,0.29537889524900196,0.16683001691466295,280.png,0,131,146
,,,0.17187122627139656,0.28587887045380544,0.16812998118675343,281.png,0,132,151
,,,0.18707123552299615,0.2808788742991383,0.15241001327935427,282.png,0,123,144
,,,0.15383061442392712,0.24017177069037346,0.16006998364095976,283.png,0,129,170
,,,0.16343061124407954,0.2531717615069627,0.15906999645835213,284.png,0,128,162
,,,0.1614306058787521,0.24537177094927093,0.1566399923210666,285.png,0,126,165
,,,0.1629306295746157,0.2503718045487776,0.1588100167883376,286.png,0,127,163
,,,0.17877123654010296,0.3181788951151706,0.18673001564369923,287.png,0,140,144
,,,0.16063063386650786,0.24067178098764727,0.1591300156752994,288.png,0,127,168
,,,0.16053061274933242,0.24677175776300692,0.1665399926355569,289.png,0,130,169
,,,0.18927123232104917,0.32037894373961373,0.18487001607961578,290.png,0,138,141
,,,0.17457124307061814,0.27497888149722743,0.17534001179185166,291.png,0,133,158
,,,0.19567124610527745,0.2950788796553669,0.1679700021861745,292.png,0,129,144
,,,0.1770712237466337,0.295678890539521,0.18671000064508309,293.png,0,138,153
,,,0.17837121067340875,0.2778788681332609,0.176079987227946,294.png,0,133,156
,,,0.17287123348347996,0.2603788933578302,0.17100001917183943,295.png,0,131,163
,,,0.18097126070756023,0.2985789087974657,0.18845002259568178,296.png,0,139,152
,,,0.18587124988690126,0.31657890895614305,0.1949599982893275,297.png,0,141,147
,,,0.1585306287934337,0.2434717675945727,0.17670001302187707,298.png,0,134,175
,,,0.17687121557282834,0.27537887944527756,0.18385999825570792,299.png,0,136,161
,,,0.1812306144434594,0.26497174600496615,0.17576998744079966,300.png,0,131,162
,,,0.18297121929512697,0.32567890029427743,0.21420999818951367,301.png,0,149,150
,,,0.4896898609283459,0.2631542395644609,0.06747999446592771,302.png,142,21,69
,,,0.1666306318877488,0.2490717865384813,0.19012001220269895,303.png,0,137,177
,,,0.4923898697021183,0.2656542054703735,0.06905999755541471,304.png,144,22,69
,,,0.4575899150566426,0.24195422068090258,0.06921999867808368,305.png,143,19,82
,,,0.4768898721322715,0.2548542162406489,0.07001999963435827,306.png,144,21,75
,,,0.49678991814020995,0.2522541978643063,0.06660000153739566,307.png,147,2,71
,,,0.4956898562683841,0.26765422581332793,0.07202000174886859,308.png,147,23,69
,,,0.18257123145224322,0.2774788914023799,0.20680000100335919,309.png,0,143,168
,,,0.4979898482880297,0.2469542394309315,0.07098000317763865,310.png,153,0,75
,,,0.4775899178275745,0.2393542129379889,0.07216000952922182,311.png,152,0,82
,,,0.4981898946177311,0.2414542300080012,0.06986000029111376,312.png,154,0,77
,,,0.5165898213186496,0.2561542400127769,0.0725800008483983,313.png,156,0,70
,,,0.4878898593899764,0.24495421622777253,0.07372999501591952,314.png,154,0,79
,,,0.5000898613551177,0.24595421414532198,0.07284999458800923,315.png,156,0,76
,,,0.5034898871071612,0.2518542343145966,0.07455999591381725,316.png,156,0,75
,,,0.1819306429394513,0.26517178797746493,0.21776001951975715,317.png,0,145,178
,,,0.5105899263034966,0.2535542143702818,0.07420999731851756,318.png,157,0,73
,,,0.494189902572454,0.24785420095256108,0.07507999602935513,319.png,156,0,78
,,,0.507789935100229,0.24185421446073943,0.07251000410428686,320.png,159,0,76
,,,0.198429939750644,0.2233592782497113,0.17334000308654487,321.png,24,122,178
,,,0.5062898775504798,0.24885423717691083,0.07739999885355067,322.png,160,0,77
,,,0.49108986851377934,0.24205421773740218,0.07784999402055469,323.png,160,0,82
,,,0.503889844258186,0.2553542472833019,0.08026000779952087,324.png,160,1,76
,,,0.19372995236267695,0.2304593248519846,0.18916999624998188,325.png,0,129,182
,,,0.19607124212811364,0.28907888308239715,0.23464999461012517,326.png,0,150,170
,,,0.5008898992575858,0.2508542284323518,0.08048999249891634,327.png,161,0,78
,,,0.3183112040461174,0.5131026717601386,0.25923999159368566,328.png,80,156,61
,,,0.3036112403149382,0.5315026435044916,0.2847900179566561,329.png,60,166,59
,,,0.4939899057935747,0.23515421140023013,0.07810999747113793,330.png,163,0,84
,,,0.20762997327769178,0.20815929727435156,0.16493000438095834,331.png,62,114,181
,,,0.49718990172591543,0.2455542276906994,0.08142000883226803,332.png,163,0,81
,,,0.4891898634855934,0.2398542328754005,0.08104000744673892,333.png,163,0,84
,,,0.20022995097163238,0.21825931276663774,0.18036001977435484,334.png,38,123,184
,,,0.49358991135281116,0.2304542157039579,0.07741999585828431,335.png,164,0,85
,,,0.1991299501216551,0.21885928882748848,0.18241001350484184,336.png,33,124,185
,,,0.4814899156312532,0.24185421144189068,0.08339000481949359,337.png,162,0,86
,,,0.5948868733715099,0.3497080214536235,0.0976699960570856,338.png,166,42,17
,,,0.20772997329896317,0.2056593009477583,0.16481001252625324,339.png,64,114,183
,,,0.4909898547013267,0.23245421690069892,0.07893000712867622,340.png,164,0,86
,,,0.20152997100433812,0.1943593166602106,0.16085002194577336,341.png,59,112,188
,,,0.1993299483890628,0.2219592988539827,0.18572998970688334,342.png,31,126,185
,,,0.31221122479008406,0.5253026538571014,0.2812399926412822,343.png,73,164,59
,,,0.31211121095453076,0.5324026161318983,0.28551998774043175,344.png,70,165,56
,,,0.5885868602623445,0.35590803803653365,0.10169999559509973,345.png,166,47,16
,,,0.3092111745570217,0.5165026320175581,0.28106000926856656,346.png,73,163,65
,,,0.3136112015984137,0.5277026019515063,0.28454001237261484,347.png,74,164,58
,,,0.19702995219495406,0.23655931597531651,0.20335000874905695,348.png,0,134,185
,,,0.5248898980672226,0.2562542244154835,0.08283998621469975,349.png,167,0,73
,,,0.30731122417872625,0.5323026584611548,0.29439001597241077,350.png,66,168,59
,,,0.21212995321702213,0.21085931717515824,0.16905999416424602,351.png,70,115,181
,,,0.5019898754784597,0.2508542532778901,0.08542999994297261,352.png,166,0,80
,,,0.3159112542927811,0.5243026745467221,0.28417001245346946,353.png,77,164,59
,,,0.482189885435755,0.2398542239552483,0.08544999739732174,354.png,165,0,88
,,,0.49238982492544586,0.24485424756384253,0.08606000330461037,355.png,166,0,84
,,,0.3117112088512077,0.5325026823154329,0.29603998709627893,356.png,71,168,57
,,,0.3213112528332281,0.5223026043258218,0.28183998814630085,357.png,83,163,57
,,,0.3102111844416631,0.5309026312624715,0.2967699929538585,358.png,70,168,58
,,,0.31581123544667095,0.5121026580221462,0.2826500115926595,359.png,81,163,65
,,,0.31331120528178663,0.5201026549302823,0.2896600379387412,360.png,77,165,62
,,,0.20752993558996974,0.19735930849095568,0.16639000549420008,361.png,70,112,189
,,,0.2030299689692663,0.22085929874513238,0.19065001392845987,362.png,46,126,187
,,,0.3174112313964814,0.5332026532515497,0.2948599874076175,363.png,77,167,54
,,,0.5665868772501005,0.34740801622414363,0.10787999302380039,364.png,168,51,34
,,,0.4807898973421045,0.22245421104748905,0.08154999365393126,365.png,168,0,92
,,,0.21182991784854094,0.20765930433773336,0.17326999112003555,366.png,72,116,185
,,,0.32001124203215037,0.5074026401825439,0.2805900132390011,367.png,87,161,65
,,,0.5941868418470907,0.3467080328903134,0.10360000133635307,368.png,171,42,21
,,,0.3135112316334195,0.5166026178966974,0.29311000112105384,369.png,79,166,64
,,,0.3232112415817216,0.5247026064714195,0.28883002522292195,370.png,85,164,56
,,,0.21102996330918714,0.19165929739715923,0.16185999763802014,371.png,79,109,189
,,,0.199129929709085,0.20465928952694334,0.183590005826285,372.png,48,122,194
,,,0.32311127039428866,0.5121026555442711,0.28382999870148967,373.png,88,162,62
,,,0.2011299013553397,0.20635930892453122,0.18491999978947418,374.png,53,122,193
,,,0.5884868906229827,0.3562079985065061,0.10928000405854935,375.png,171,49,17
,,,0.3172112025915162,0.5137026403099895,0.2935800147683122,376.png,84,166,65
,,,0.3227111907024146,0.513902657988486,0.2891800250132144,377.png,88,164,62
,,,0.32041124133852283,0.5068026278287908,0.2875999819922243,378.png,88,163,66
,,,0.23172990022915507,0.20515929380593223,0.16105000650607348,379.png,98,106,178
,,,0.2118299347327698,0.20835930728759047,0.17993000599136882,380.png,73,118,188
,,,0.3267112482613959,0.5101026214426158,0.28588002467018025,381.png,93,162,62
,,,0.20492997054009343,0.20855929865381373,0.18638999734440367,382.png,60,122,192
,,,0.31571121607298636,0.5076026420583932,0.2950299858029007,383.png,85,166,68
,,,0.21202994969678954,0.20015929625126724,0.17357001194316674,384.png,77,114,190
,,,0.5976868839658666,0.34960803171363286,0.10762001174973229,385.png,174,43,17
,,,0.5929868472016203,0.3571080622620861,0.1110500145594149,386.png,173,49,13
,,,0.20732995501520782,0.2292592864729287,0.20395000663641744,387.png,52,130,187
,,,0.31641120259560873,0.5184026556287298,0.30233002176999274,388.png,82,168,63
,,,0.5701868210008041,0.34560804275408274,0.11190000531426889,389.png,172,50,34
,,,0.31501120733292226,0.5148026397630509,0.30254001092104005,390.png,82,168,66
,,,0.20762994706882065,0.20445929135671906,0.18283001328950035,391.png,68,119,192
,,,0.606286859235963,0.34940805781113204,0.10791999795576276,392.png,176,40,9
,,,0.6057868677850319,0.3500080167789627,0.10887001245850751,393.png,176,41,9
,,,0.5985868505717292,0.3496080505429334,0.11026999930954447,394.png,176,43,16
,,,0.3226111952943487,0.4839026441253725,0.28338998984631375,395.png,97,160,76
,,,0.5922869034101362,0.35010801882055154,0.11185998935648411,396.png,176,46,20
,,,0.3307112387640802,0.4947026302292386,0.2839199900611313,397.png,100,160,68
,,,0.5758868742313522,0.3643080039052797,0.12059000172723063,398.png,174,58,20
,,,0.32131120411936326,0.48520266596378936,0.2879499799858494,399.png,96,162,77
,,,0.2179299660992463,0.20295929188167453,0.17779999129716584,400.png,86,114,189
,,,0.3220112092311874,0.5052026411386504,0.30139002223224387,401.png,92,166,68
,,,0.6040868535282399,0.34450806449658866,0.10955999989193528,402.png,178,39,17
,,,0.5959868694249209,0.3504080254684092,0.11375999836501356,403.png,178,45,18
,,,0.21202996748466207,0.2128593054710875,0.1950599873225063,404.png,73,123,192
,,,0.21492995141365237,0.19865929906287108,0.1796200058873451,405.png,84,115,193
,,,0.31901121459131887,0.475602607446344,0.290850029991375,406.png,98,162,82
,,,0.21242994269233909,0.21325931426465253,0.19645001847430274,407.png,74,124,192
,,,0.2103299372031923,0.20965930445239442,0.19587999746297605,408.png,72,123,195
,,,0.3314112242267266,0.5028025934183081,0.29825000769684096,409.png,101,164,66
,,,0.21362994720624742,0.2125592897546843,0.19603999126144722,410.png,77,123,193
,,,0.6036868540268397,0.339708059856963,0.11246998655959482,411.png,182,36,22
,,,0.22222994119138242,0.2112593106822,0.19458000944056936,412.png,91,120,191
,,,0.21472993795983877,0.21675930230764356,0.20678999842993573,413.png,78,127,195
,,,0.5998868310045673,0.345008058779452,0.11794999399309827,414.png,183,42,21
,,,0.5969868101931533,0.34340806526947926,0.1203500068476534,415.png,185,43,24
,,,0.6095868429867941,0.345808017069297,0.1203500068476534,416.png,187,40,12
,,,0.5352537513632457,0.3995347061880475,0.16125997936738107,417.png,177,87,20
,,,0.597086843838095,0.33840805680801167,0.1225900011388518,418.png,188,40,28
,,,0.22502994998160483,0.21595929245579604,0.20839998900985165,419.png,95,124,194
,,,0.6007868467564036,0.34660807470378974,0.12614998712118222,420.png,188,44,19
,,,0.5814401654379836,0.3217490466766597,0.12108000570212492,421.png,188,35,45
,,,0.608186818680639,0.3478080442196728,0.12822999954511458,422.png,191,43,11
,,,0.6041401186678296,0.32004907239336106,0.11898000447667306,423.png,193,19,36
,,,0.6113868005625855,0.3441080658361115,0.12819999367097315,424.png,193,39,13
,,,0.5940401240812315,0.32894908268682255,0.1345400091735885,425.png,198,37,38
,,,0.6279401645348099,0.32614900822089976,0.12942000239244703,426.png,203,7,19
,,,0.5953401028392229,0.32984908677600777,0.1389700017472034,427.png,201,37,37
,,,0.6100401302696846,0.32344905513041855,0.1335100071300049,428.png,203,21,34
,,,0.6224402064002983,0.33664902798710333,0.13641998593937657,429.png,203,29,12
,,,0.6161401580392417,0.32674904047672665,0.13432000368665625,430.png,204,21,28
,,,0.6333401082128551,0.327649075424575,0.13109000489042388,431.png,205,3,13
,,,0.6293401456283287,0.33384907623230686,0.13479000431485383,432.png,205,20,8
,,,0.5324537853729145,0.3904346591185531,0.18664000586768886,433.png,191,91,33
,,,0.6205401344314304,0.3371490609688859,0.13840998486262954,434.png,204,31,14
,,,0.5930401306717772,0.3306490693650167,0.14232999183274797,435.png,202,40,39
,,,0.6191401887741288,0.3224490499447863,0.13479998526374687,436.png,206,10,30
,,,0.6098401408017033,0.3198490446502213,0.13634000014664702,437.png,206,16,37
,,,0.6220401590669212,0.32754904232919674,0.1378399977759722,438.png,207,17,24
,,,0.6340401898861793,0.3323490401051581,0.13798999756858094,439.png,208,14,4
,,,0.5430537497906226,0.3991346955062519,0.19434999545388798,440.png,195,93,15
,,,0.5472401294250115,0.3295490624412105,0.15928998620109708,441.png,201,60,60
,,,0.6190401256578032,0.33424905423779117,0.14306999238051818,442.png,208,29,19
,,,0.622640179753153,0.33004901016474936,0.14207999435985696,443.png,209,21,21
,,,0.5959401536681338,0.33474906566897655,0.1505800038442989,444.png,207,43,35
,,,0.6091401744812447,0.3250490283910092,0.14312000783477574,445.png,209,25,34
,,,0.5945401142256377,0.3205490526934927,0.1453900019830603,446.png,208,30,45
,,,0.5457537762444753,0.39003469626850595,0.1929199955824925,447.png,198,90,24
,,,0.6147401344277894,0.33054907443279,0.14561999903959016,448.png,210,28,27
,,,0.5372538109154336,0.3978346733579555,0.2013199977044314,449.png,196,95,23
,,,0.6076401395326945,0.33264903827080994,0.1490800012812764,450.png,209,35,30
,,,0.5381537326911408,0.39413471604133926,0.19981000055924025,451.png,197,94,27
,,,0.5539537638005727,0.385934672587237,0.19237001268378748,452.png,201,87,22
,,,0.549753789845192,0.38093468885797055,0.1922599952328294,453.png,201,86,30
,,,0.5929401696980683,0.3238490276743406,0.1516499892783051,454.png,210,35,44
,,,0.6290401594937611,0.3400490366692523,0.1503199952864229,455.png,213,30,0
,,,0.569453742704522,0.37253472002010074,0.18213000013118316,456.png,205,76,23
,,,0.5357537373362212,0.4012347158392182,0.20878001815129654,457.png,198,98,21
,,,0.5466537135827817,0.3914347448848633,0.20014997706873128,458.png,201,92,22
,,,0.6214401529200272,0.3373490690912397,0.15175998897745338,459.png,213,32,13
,,,0.569353759369545,0.3731346994157733,0.18489998843709526,460.png,206,77,22
,,,0.556153749259016,0.39103472749484774,0.1983799886990385,461.png,203,89,12
,,,0.5613537717601716,0.38313471307449215,0.19326998211760085,462.png,204,84,18
,,,0.6220401200561786,0.34064905747807467,0.15538000876311123,463.png,214,35,7
,,,0.6211400832330275,0.34574908595327275,0.15801000735060483,464.png,214,41,0
,,,0.5689537450407394,0.3744346793558066,0.18740999644452178,465.png,207,78,21
,,,0.5998401561164701,0.3372490374422092,0.16133999255565706,466.png,213,45,33
,,,0.5597537385658456,0.3813347097840995,0.19708000364750472,467.png,206,85,22
,,,0.5671537292094087,0.3790347008101252,0.19348999833933347,468.png,207,82,17
,,,0.5499537658565224,0.3802346888849379,0.20059001213796288,469.png,205,88,32
,,,0.5518537297231579,0.3908347360233399,0.20587999562629944,470.png,205,91,18
,,,0.5652537996041581,0.3759346704804624,0.19427000141674755,471.png,208,81,23
,,,0.5959401962102108,0.34784901631136833,0.17110000012601798,472.png,214,55,26
,,,0.5620538188718058,0.38423468417836065,0.2030300014133434,473.png,209,87,16
,,,0.5638537701363848,0.37843470919607514,0.20154998331869345,474.png,211,84,22
,,,0.557053793923209,0.382534693371586,0.20622998979337104,475.png,209,88,24
,,,0.5661537482418011,0.3860347061590265,0.20595000424442864,476.png,211,87,6
,,,0.5634537864491423,0.38223470216592714,0.20518999469572638,477.png,211,86,17
,,,0.5403537908770107,0.40723468740988455,0.2282199828279247,478.png,206,103,4
,,,0.5570538250283732,0.3848346548814234,0.20963001187510916,479.png,210,89,21
,,,0.5569537727361019,0.3925347102895568,0.21583001909101188,480.png,210,93,8
,,,0.5584537985353547,0.3889347041810595,0.21352997235051172,481.png,211,91,13
,,,0.3211393582037458,0.34179765474477425,0.34807003308335105,482.png,160,160,151
,,,0.319739305457532,0.34699765332084764,0.3554100412671721,483.png,159,162,150
,,,0.3224393071960612,0.34529762296172506,0.3547899680352075,484.png,161,161,150
,,,0.3229393561936384,0.3467976468799227,0.356389960800578,485.png,161,162,150
,,,0.3216393383505596,0.34489763032617643,0.3562899993296887,486.png,161,162,151
,,,0.31913933702975744,0.34029764847888655,0.35445998831413256,487.png,161,161,154
,,,0.3239392847745069,0.3464976689808965,0.3557800320827687,488.png,162,162,150
,,,0.32403933167471227,0.3487976736721058,0.35871001001832453,489.png,162,163,149
,,,0.32303929027804695,0.346297678154272,0.3577599476997844,490.png,162,162,150
,,,0.3231392801029484,0.3470976461888663,0.3587699817021747,491.png,162,162,150
,,,0.5262077109019475,0.3449750485989298,0.21904997494497846,492.png,219,85,70
,,,0.3275393205718952,0.35439765398688605,0.3619200036938257,493.png,163,163,146
,,,0.5273077763674524,0.34747500858428976,0.22086000741461728,494.png,219,86,68
,,,0.32393931080243166,0.3463976290125286,0.3585399894921741,495.png,163,162,150
,,,0.31803932321559303,0.33479766414096507,0.3531200339228097,496.png,162,160,156
,,,0.3238393681968956,0.34709763141098365,0.3606899596373509,497.png,163,163,150
,,,0.32203936106787173,0.34539763711918947,0.3613400167362156,498.png,162,163,152
,,,0.31833933650201307,0.33559765113070866,0.3553899414105985,499.png,162,161,156
,,,0.3183393310049412,0.3355976445207421,0.35576002215709773,500.png,163,161,156
,,,0.32213933998975175,0.34479765010459035,0.3614099913088572,501.png,163,163,152
,,,0.322539342275356,0.3451976477818516,0.3624700025995485,502.png,163,163,152
,,,0.3204392864838887,0.3410976433381882,0.3632200213793656,503.png,163,163,155
,,,0.32183930343958633,0.3439976297298264,0.36668997800939124,504.png,164,164,154
,,,0.32193928986908915,0.34379767832955727,0.36717995987641927,505.png,164,164,154
,,,0.32103935022992913,0.3415976385755657,0.36785996229413426,506.png,164,164,155
,,,0.5274077707673693,0.3487750191405175,0.22962999879477275,507.png,222,88,69
,,,0.5275077648822198,0.3487750282328494,0.22982998116825892,508.png,222,88,68
,,,0.5228077488186393,0.3479750333323204,0.2329999889685845,509.png,222,90,71
,,,0.5314077916873791,0.3474750191575269,0.22913998759243562,510.png,224,86,68
,,,0.5140077417969433,0.3342750403143282,0.2286999869509608,511.png,223,86,81
,,,0.5152077669864961,0.33237503683631664,0.22747997598199024,512.png,223,84,82
,,,0.5487077556084823,0.35727505656914327,0.23123999819111402,513.png,227,86,54
,,,0.5281077646888661,0.33547501052761475,0.22579000507051894,514.png,226,81,75
,,,0.5253078005554238,0.34797501604937453,0.23575998652236682,515.png,224,89,71
,,,0.5126077109926218,0.33227505638912636,0.23169999087416748,516.png,224,86,83
,,,0.5181077389883532,0.3340750679807198,0.2306200035425825,517.png,225,85,80
,,,0.5167077609721615,0.33347502015813646,0.2311599858528328,518.png,225,85,81
,,,0.5359077866029983,0.34017501137742595,0.2282399953345821,519.png,228,81,70
,,,0.5136077308148678,0.3348750104680281,0.2353699977358627,520.png,225,87,82
,,,0.5518077654155089,0.34337501126074355,0.22469998975758707,521.png,230,77,61
,,,0.5238077681207717,0.3532750266976493,0.24422996105605435,522.png,225,94,69
,,,0.5405078104949558,0.35987502890685436,0.2415799908051197,523.png,227,91,57
,,,0.5458077869706764,0.3550750225597823,0.23653998985215205,524.png,229,86,58
,,,0.5068077317014525,0.33277505595225654,0.23929998471294792,525.png,225,89,86
,,,0.5339077441893739,0.34147505470793604,0.23467998465357678,526.png,229,84,71
,,,0.5446077392300891,0.3445750246503768,0.23486000811128013,527.png,232,82,65
,,,0.5282077234749792,0.3405750556751965,0.23978998606459245,528.png,230,86,75
,,,0.5474077500903224,0.3470750242671382,0.23751000657015023,529.png,233,83,62
,,,0.5132077768933219,0.3374750321964099,0.24633997663555296,530.png,229,91,83
,,,0.5270077847392276,0.3409750094445158,0.24251998533977154,531.png,230,87,75
,,,0.5145078084976004,0.3375750025563642,0.24649000208586183,532.png,229,90,82
,,,0.5252077603148678,0.3441750398733492,0.24779997489644026,533.png,231,90,75
,,,0.5051078028962944,0.3523750232077583,0.2665099920230638,534.png,228,102,80
,,,0.5307077593783491,0.3452750398582281,0.24955999175020016,535.png,233,89,72
,,,0.44672745225131877,0.5033619264117853,0.5079100507333264,536.png,211,191,0
,,,0.44532749107174474,0.49736192636035353,0.5068199461622358,537.png,213,190,0
,,,0.46212748355385924,0.49576194359397263,0.4871899755087944,538.png,218,183,0
,,,0.4533274545592446,0.5057619813501547,0.5068000048299942,539.png,214,190,0
,,,0.4519274371372029,0.4995619725836869,0.5028800217005862,540.png,215,188,0
,,,0.4614274392176701,0.4948619542662538,0.49223001207232214,541.png,219,184,0
,,,0.4545274718224908,0.49106193608687293,0.5005199788107773,542.png,218,186,0
,,,0.4610274246776637,0.49546196660123226,0.4980399896081975,543.png,220,185,0
,,,0.45482746009388936,0.5049619706897731,0.5149799585902602,544.png,217,191,0
,,,0.45492742657679336,0.5042619741434576,0.5159300404043472,545.png,217,191,0
,,,0.4579274126191098,0.4953619839213855,0.5061700098577183,546.png,220,187,0
,,,0.4612274520676281,0.4967619420499088,0.5041400649337883,547.png,221,186,0
,,,0.4578274513232705,0.4962619497252987,0.508469964635318,548.png,220,188,0
,,,0.45972739847294386,0.4971619784544642,0.5076799756890621,549.png,220,187,0
,,,0.45652746867247096,0.4964619263676682,0.5114799554815773,550.png,220,188,0
,,,0.4541274391088783,0.4944619640550902,0.5121800210945738,551.png,219,189,0
,,,0.45622743509013186,0.49446198622564275,0.5099799590083202,552.png,220,188,0
,,,0.4524274620080504,0.49106196433746874,0.5113000157902573,553.png,219,188,0
,,,0.46842742278963767,0.49226197267094474,0.4955200253545833,554.png,224,183,0
,,,0.4495274268791988,0.49186195702887403,0.5159700185025595,555.png,218,190,0
,,,0.4590274355597591,0.49596196416373073,0.5097000318459355,556.png,221,188,0
,,,0.4673274287604614,0.4920619732831563,0.49830001024173326,557.png,224,184,0
,,,0.4615274480577026,0.4950619528149073,0.5081899645105489,558.png,222,187,0
,,,0.46542743270763387,0.4946619686315733,0.5038700085241202,559.png,223,185,0
,,,0.4616274434567489,0.49406196785957035,0.5078200009244749,560.png,223,187,0
,,,0.45692741091543604,0.49326199593690917,0.5140300149540603,561.png,222,188,0
,,,0.4645274614031287,0.4995619647134972,0.5121999708560162,562.png,223,188,0
,,,0.46242747477071133,0.4902619158135789,0.5092499535862173,563.png,225,186,0
,,,0.46002742849019623,0.4936619651490828,0.5198199969310167,564.png,224,189,0
,,,0.4596274090501289,0.4875619819552744,0.5151200432028736,565.png,225,187,0
,,,0.47562744887632036,0.4894619516685182,0.5062300486697558,566.png,231,183,0
