dataset,i,j,dv
witt,482,477,0.573097
witt,482,487,0.866109
witt,482,475,1.133267
witt,482,473,1.503841
witt,482,471,1.745145
witt,482,485,0.633423
witt,482,499,1.107413
witt,482,496,1.460751
witt,482,494,1.646038
witt,482,502,1.831325
witt,482,481,0.719603
witt,482,506,1.016924
witt,482,513,1.236683
witt,482,517,1.641729
witt,482,521,1.822707
witt,482,469,0.650659
witt,482,464,1.245301
witt,482,459,1.443515
witt,482,455,1.736527
witt,482,447,2.012303
witt,482,510,0.56017
witt,482,525,0.909199
witt,482,529,1.240992
witt,482,533,1.572785
witt,482,537,1.960595
witt,482,491,0.499844
witt,482,451,0.586024
witt,482,442,0.831637
witt,482,438,1.081559
witt,482,434,1.447824
witt,371,358,0.779929
witt,371,347,0.978143
witt,371,370,1.456442
witt,371,375,1.495223
witt,371,373,1.960595
witt,371,345,0.685131
witt,371,378,0.814401
witt,371,391,1.297009
witt,371,388,1.572785
witt,371,385,1.76669
witt,371,356,0.94798
witt,371,397,1.180666
witt,371,382,1.37888
witt,371,405,1.654656
witt,371,408,1.986449
witt,371,368,0.564479
witt,371,352,1.064323
witt,371,363,1.318554
witt,371,342,1.534004
witt,371,337,1.904578
witt,371,401,0.749766
witt,371,413,0.995379
witt,371,417,1.180666
witt,371,426,1.572785
witt,371,430,1.917505
witt,371,421,0.642041
witt,371,333,0.840255
witt,371,329,0.99107
witt,371,325,1.258228
witt,371,321,1.615875
witt,151,149,0.297321
witt,151,134,0.417973
witt,151,126,0.486917
witt,151,123,0.590333
witt,151,122,0.745457
witt,151,164,0.323175
witt,151,187,0.370574
witt,151,191,0.448136
witt,151,195,0.616187
witt,151,199,0.792856
witt,151,178,0.374883
witt,151,181,0.435209
witt,151,161,0.555861
witt,151,152,0.745457
witt,151,158,0.827328
witt,151,137,0.327484
witt,151,172,0.448136
witt,151,146,0.51708
witt,151,168,0.685131
witt,151,142,0.810092
witt,151,186,0.551552
witt,151,194,0.530007
witt,151,205,1.159121
witt,151,133,0.426591
witt,151,127,0.452445
witt,151,120,0.999688
witt,151,111,1.16343
witt,151,110,1.59433
witt,271,277,0.245613
witt,271,283,0.486917
witt,271,292,0.81871
witt,271,298,0.982452
witt,271,305,1.146194
witt,271,261,0.379192
witt,271,253,0.530007
witt,271,246,0.672204
witt,271,222,0.956598
witt,271,226,1.12034
witt,271,270,0.340411
witt,271,274,0.590333
witt,271,279,0.642041
witt,271,286,0.870418
witt,271,297,1.029851
witt,271,266,0.236995
witt,271,257,0.525698
witt,271,238,0.667895
witt,271,243,0.797165
witt,271,235,0.952289
witt,271,290,0.366265
witt,271,302,0.60326
witt,271,308,0.913508
witt,271,313,1.029851
witt,271,317,1.219447
witt,271,250,0.318866
witt,271,229,0.538625
witt,271,219,0.827328
witt,271,216,1.03416
witt,271,212,1.197902
witt,54,63,0.249922
witt,54,90,0.331793
witt,54,96,0.361956
witt,54,84,0.51708
witt,54,98,0.586024
witt,54,52,0.271467
witt,54,24,0.379192
witt,54,45,0.413664
witt,54,20,0.469681
witt,54,18,0.611878
witt,54,61,0.206832
witt,54,68,0.293012
witt,54,72,0.47399
witt,54,81,0.461063
witt,54,88,0.676513
witt,54,49,0.271467
witt,54,58,0.323175
witt,54,41,0.405046
witt,54,31,0.512771
witt,54,36,0.56017
witt,54,93,0.25854
witt,54,77,0.435209
witt,54,99,0.452445
witt,54,102,0.814401
witt,54,107,0.90489
witt,54,27,0.25854
witt,54,15,0.551552
witt,54,9,0.702367
witt,54,5,0.870418
witt,54,2,0.986761
witt,476,484,0.805783
witt,476,480,0.676513
witt,476,467,0.710985
witt,476,508,0.719603
witt,476,489,0.667895
witt,357,343,1.012615
witt,357,353,0.952289
witt,357,364,0.771311
witt,357,398,0.844564
witt,357,418,0.598951
witt,150,165,0.361956
witt,150,179,0.310248
witt,150,138,0.349029
witt,276,259,0.611878
witt,276,268,0.370574
witt,276,264,0.405046
witt,276,289,0.327484
witt,276,249,0.564479
witt,64,53,0.34472
witt,64,62,0.284394
witt,64,50,0.314557
witt,64,94,0.271467
witt,64,28,0.331793
witt,486,498,1.719291
witt,486,504,0.99107
witt,486,461,1.271155
witt,486,524,1.516768
witt,486,450,1.016924
witt,346,377,1.439206
witt,346,396,1.370262
witt,346,350,1.404734
witt,346,410,1.219447
witt,346,330,1.150503
witt,135,188,0.573097
witt,135,182,0.461063
witt,135,173,0.499844
witt,135,206,1.12034
witt,135,128,0.706676
witt,135,112,1.396116
witt,282,252,0.90489
witt,282,273,0.64635
witt,282,256,0.685131
witt,89,23,0.629114
witt,89,67,0.417973
witt,89,57,0.396428
witt,474,495,2.150191
witt,474,512,1.228065
witt,474,457,1.76669
witt,474,526,2.227753
witt,474,439,1.486605
witt,369,390,2.094174
witt,369,381,1.538313
witt,369,362,1.844252
witt,369,416,1.7236
witt,369,328,1.473678
witt,125,190,0.853182
witt,125,160,0.702367
witt,125,144,0.594642
witt,293,247,1.279773
witt,293,281,0.866109
witt,293,240,0.969525
witt,293,309,0.917817
witt,293,220,1.189284
witt,95,44,0.706676
witt,95,70,0.598951
witt,95,39,0.456754
witt,95,74,0.439518
witt,95,8,0.844564
witt,472,493,2.632799
witt,472,515,1.908887
witt,472,453,2.102792
witt,472,532,2.731906
witt,472,437,2.059702
witt,374,387,2.400113
witt,374,404,1.930432
witt,374,341,2.064011
witt,374,425,1.814089
witt,374,324,1.710673
witt,124,197,1.193593
witt,124,155,0.943671
witt,124,171,0.758384
witt,124,116,1.503841
witt,299,223,1.546931
witt,299,287,1.081559
witt,299,244,1.240992
witt,83,19,0.840255
witt,83,79,0.698058
witt,83,29,0.607569
witt,470,500,2.796541
witt,470,519,2.150191
witt,470,445,2.447512
witt,470,535,3.248986
witt,470,432,2.41304
witt,372,384,2.805159
witt,372,407,2.313933
witt,372,336,2.503529
witt,372,429,2.490602
witt,372,320,2.227753
witt,121,198,1.2927
witt,121,157,1.03416
witt,121,141,0.969525
witt,304,224,1.917505
witt,304,294,1.24961
witt,304,231,1.50815
witt,304,315,1.301318
witt,304,210,1.883033
witt,97,17,1.116031
witt,97,87,0.943671
witt,97,35,0.650659
witt,97,106,0.935053
witt,97,1,1.202211
witt,483,479,0.762693
witt,483,466,0.667895
witt,344,354,1.090177
witt,344,365,0.797165
witt,166,180,0.38781
witt,166,139,0.288703
witt,260,269,0.499844
witt,260,265,0.366265
witt,51,60,0.318866
witt,51,47,0.262849
witt,497,503,1.262537
witt,497,462,1.361644
witt,376,394,1.516768
witt,376,348,1.189284
witt,189,184,0.495535
witt,189,176,0.521389
witt,189,131,0.590333
witt,189,117,1.361644
witt,254,275,0.754075
witt,254,258,0.659277
witt,254,303,0.870418
witt,254,230,0.435209
witt,22,66,0.422282
witt,22,56,0.616187
witt,22,75,0.676513
witt,22,13,0.469681
witt,393,422,1.650347
witt,393,392,1.727909
witt,389,379,1.878724
witt,389,359,1.46506
witt,192,163,0.633423
witt,192,148,0.624805
witt,192,208,1.318554
witt,245,278,0.969525
witt,245,236,0.805783
witt,43,69,0.495535
witt,43,38,0.64635
witt,492,514,1.827016
witt,492,452,2.120028
witt,492,530,2.201899
witt,492,435,2.473366
witt,386,403,2.1545
witt,386,340,1.878724
witt,386,424,1.956286
witt,386,323,1.874415
witt,196,153,0.887654
witt,196,169,0.956598
witt,196,114,1.288391
witt,221,284,1.318554
witt,221,241,0.99107
witt,221,310,1.546931
witt,221,213,1.003997
witt,21,82,0.551552
witt,21,32,0.767002
witt,21,103,1.03416
witt,21,6,0.844564
witt,501,520,2.081247
witt,501,446,2.438894
witt,383,406,2.296697
witt,383,334,2.275152
witt,200,159,1.090177
witt,200,143,1.060014
witt,225,296,1.577094
witt,225,234,1.116031
witt,16,86,0.749766
witt,16,34,0.896272
witt,478,465,0.999688
witt,355,366,1.137576
witt,177,136,0.400737
witt,267,262,0.512771
witt,59,46,0.340411
witt,505,463,1.641729
witt,395,349,1.732218
witt,183,174,0.659277
witt,183,113,1.365953
witt,272,255,0.870418
witt,272,300,0.801474
witt,272,227,0.741148
witt,65,55,0.51708
witt,65,73,0.620496
witt,65,12,0.512771
witt,511,456,2.262225
witt,380,361,2.003685
witt,162,147,0.883345
witt,162,207,1.301318
witt,162,129,0.616187
witt,280,239,1.072941
witt,71,40,0.676513
witt,516,454,2.572473
witt,402,339,2.219135
witt,154,170,1.223756
witt,285,242,1.409043
witt,285,311,1.197902
witt,285,214,1.370262
witt,80,30,0.823019
witt,80,101,0.982452
witt,80,4,0.874727
witt,518,443,3.111098
witt,409,338,2.658653
witt,156,140,1.374571
witt,156,204,1.400425
witt,295,233,1.620184
witt,85,33,1.016924
witt,468,509,0.814401
witt,468,490,0.857491
witt,367,400,0.827328
witt,367,420,0.64635
witt,263,288,0.465372
witt,263,248,0.284394
witt,48,92,0.275776
witt,48,26,0.318866
witt,460,522,1.469369
witt,460,448,1.189284
witt,351,412,1.33579
witt,351,332,1.193593
witt,175,130,0.710985
witt,175,115,1.486605
witt,458,528,2.081247
witt,458,441,1.719291
witt,360,415,1.447824
witt,360,327,1.521077
witt,145,203,1.232374
witt,237,307,1.167739
witt,237,218,0.909199
witt,42,78,0.4309
witt,42,11,0.887654
witt,167,201,1.275464
witt,444,534,3.167115
witt,444,431,2.774996
witt,335,428,2.503529
witt,335,319,2.232062
witt,232,316,1.628802
witt,232,211,1.37888
witt,37,108,1.038469
witt,37,3,1.20652
witt,507,488,0.564479
witt,399,419,0.90489
witt,185,132,0.702367
witt,185,118,1.309936
witt,291,251,0.633423
witt,91,25,0.396428
witt,523,449,1.236683
witt,411,331,1.503841
witt,193,109,1.848561
witt,301,228,0.926435
witt,76,14,0.848873
witt,527,440,1.844252
witt,414,326,1.917505
witt,202,119,1.900269
witt,306,217,1.391807
witt,100,10,0.995379
witt,531,436,2.365641
witt,423,322,2.344096
witt,312,215,1.732218
witt,104,7,1.469369
witt,536,433,3.0163
witt,427,318,2.999064
witt,314,209,2.055393
witt,105,0,1.581403
leeds,131,139,1.201506
leeds,183,189,1.25739
leeds,170,146,1.154936
leeds,152,142,1.21082
leeds,161,136,1.527496
leeds,387,391,1.005912
leeds,388,389,0.74512
leeds,377,390,0.69855
leeds,379,386,0.679922
leeds,393,392,0.521584
leeds,226,234,0.856888
leeds,233,252,1.126994
leeds,237,241,0.987284
leeds,235,230,0.763748
leeds,281,239,0.717178
leeds,394,395,0.88483
leeds,408,410,1.005912
leeds,412,415,0.707864
leeds,396,401,0.959342
leeds,403,402,0.801004
leeds,438,439,0.828946
leeds,437,436,0.903458
leeds,434,433,0.735806
leeds,435,432,1.126994
leeds,441,440,0.754434
leeds,446,448,1.173564
leeds,452,458,0.735806
leeds,454,466,0.9314
leeds,460,464,0.549526
leeds,461,457,0.950028
leeds,375,376,1.089738
leeds,380,384,0.987284
leeds,381,385,0.754434
leeds,383,382,0.83826
leeds,369,367,1.061796
leeds,289,320,0.79169
leeds,316,326,1.11768
leeds,315,325,0.642666
leeds,318,317,0.707864
leeds,308,285,0.642666
leeds,120,127,0.83826
leeds,115,124,1.266704
leeds,117,113,0.847574
leeds,119,112,0.959342
leeds,125,116,0.875516
leeds,137,145,0.875516
leeds,130,154,1.201506
leeds,129,158,1.25739
leeds,132,144,1.173564
leeds,135,128,1.182878
leeds,345,350,0.996598
leeds,358,359,1.238762
leeds,341,347,1.061796
leeds,349,342,0.847574
leeds,348,344,1.07111
leeds,30,37,1.015226
leeds,38,51,0.959342
leeds,48,41,0.689236
leeds,14,15,0.735806
leeds,39,33,0.940714
leeds,180,202,1.126994
leeds,141,181,1.276018
leeds,155,187,1.052482
leeds,186,192,0.624038
leeds,198,182,0.79169
leeds,133,162,1.145622
leeds,157,175,0.847574
leeds,200,167,0.83826
leeds,203,153,0.940714
leeds,111,110,0.661294
leeds,340,351,0.856888
leeds,343,346,0.65198
leeds,354,352,0.661294
leeds,356,357,0.819632
leeds,355,353,0.950028
leeds,310,332,1.145622
leeds,236,309,1.359844
leeds,450,459,0.819632
leeds,443,463,1.061796
leeds,442,467,1.508868
leeds,109,126,0.97797
leeds,104,108,1.369158
leeds,61,80,1.07111
leeds,46,83,1.35053
leeds,468,473,1.02454
leeds,471,478,0.959342
leeds,420,425,1.108366
leeds,419,427,1.201506
leeds,397,404,1.276018
leeds,407,416,1.238762
leeds,364,371,1.052482
leeds,360,370,1.294646
leeds,286,328,1.480926
leeds,134,224,1.499554
leeds,90,97,1.11768
leeds,91,99,1.49024
leeds,7,11,0.810318
leeds,0,8,1.126994
leeds,361,366,0.65198
leeds,368,374,0.894144
leeds,365,373,1.201506
leeds,362,372,1.378472
leeds,363,378,1.76966
leeds,335,339,0.55884
leeds,243,292,0.83826
leeds,240,302,1.229448
leeds,251,327,1.341216
leeds,301,338,1.555438
leeds,451,453,0.502956
leeds,449,456,0.633352
leeds,445,455,0.707864
leeds,447,462,0.83826
leeds,444,465,1.061796
leeds,106,114,0.819632
leeds,122,140,1.266704
leeds,105,123,1.49024
leeds,118,190,1.685834
leeds,121,217,1.788288
leeds,50,79,0.69855
leeds,69,82,0.847574
leeds,78,88,0.940714
leeds,68,87,1.099052
leeds,43,81,1.285332
leeds,477,481,0.409816
leeds,474,479,0.717178
leeds,469,475,0.79169
leeds,472,480,0.959342
leeds,470,476,1.21082
leeds,418,421,0.530898
leeds,429,430,0.65198
leeds,423,426,0.903458
leeds,422,428,1.043168
leeds,424,431,1.30396
leeds,400,405,0.79169
leeds,406,414,0.940714
leeds,411,417,1.16425
leeds,398,409,1.266704
leeds,399,413,1.53681
leeds,193,215,0.493642
leeds,147,212,0.801004
leeds,305,333,1.35053
leeds,143,225,1.53681
leeds,107,191,1.81623
leeds,98,101,0.670608
leeds,92,96,0.88483
leeds,94,100,1.11768
leeds,95,103,1.508868
leeds,93,102,1.713776
leeds,2,5,0.726492
leeds,1,6,1.285332
leeds,4,9,1.471612
leeds,3,12,1.67652
leeds,10,13,1.853486
leeds,47,62,0.801004
leeds,49,52,0.968656
leeds,45,59,1.089738
leeds,44,55,1.387786
leeds,64,57,0.847574
leeds,60,56,1.080424
leeds,71,54,1.285332
leeds,67,73,0.819632
leeds,65,66,0.9314
leeds,58,72,1.061796
leeds,70,74,1.16425
leeds,25,20,1.145622
leeds,24,19,1.369158
leeds,22,23,1.49024
leeds,27,21,1.546124
leeds,32,29,0.773062
leeds,40,34,1.220134
leeds,42,35,1.331902
leeds,53,36,1.462298
leeds,77,86,0.903458
leeds,75,84,1.015226
leeds,76,85,1.182878
leeds,63,89,1.508868
leeds,26,18,0.922086
leeds,28,16,1.015226
leeds,31,17,1.173564
leeds,184,196,1.11768
leeds,163,205,1.378472
leeds,207,214,1.322588
leeds,169,209,1.015226
leeds,164,172,1.220134
leeds,188,208,1.005912
leeds,148,176,1.639264
leeds,174,210,1.508868
leeds,138,150,1.72309
leeds,177,171,1.322588
leeds,151,197,0.940714
leeds,173,220,1.53681
leeds,156,185,1.620636
leeds,168,206,1.508868
leeds,160,221,1.67652
leeds,166,213,1.11768
leeds,159,201,1.49024
leeds,179,195,1.639264
leeds,194,199,1.574066
leeds,178,218,1.434356
leeds,149,211,1.126994
leeds,219,204,1.741718
leeds,223,216,1.760346
leeds,165,222,1.704462
leeds,323,329,0.587042
leeds,314,331,0.785367
leeds,306,334,1.070955
leeds,303,336,1.237548
leeds,298,337,1.594533
leeds,263,296,0.626707
leeds,255,304,0.753635
leeds,257,300,0.936094
leeds,262,297,1.070955
leeds,258,299,1.308945
leeds,287,274,0.507712
leeds,283,278,0.785367
leeds,279,284,1.047156
leeds,282,280,1.285146
leeds,248,266,0.507712
leeds,247,267,0.690171
leeds,245,268,0.864697
leeds,242,277,1.158218
leeds,288,269,0.71397
leeds,291,265,0.848831
leeds,295,261,0.936094
leeds,293,264,1.158218
leeds,294,260,1.380342
leeds,232,253,0.507712
leeds,229,256,0.769501
leeds,228,273,1.023357
leeds,227,275,1.237548
leeds,324,312,0.507712
leeds,271,250,1.070955
leeds,311,270,1.42794
leeds,313,249,1.800791
leeds,246,272,0.936094
leeds,244,276,1.102687
leeds,238,290,1.340677
leeds,231,307,1.800791
leeds,330,321,0.71397
leeds,319,259,1.023357
leeds,322,254,1.308945
leeds,365,373,0.991625
leeds,362,372,1.412074
leeds,243,292,0.87263
leeds,240,302,1.26928
leeds,447,462,0.87263
leeds,444,465,0.991625
leeds,106,114,0.912295
leeds,122,140,1.126486
leeds,50,79,0.674305
leeds,69,82,0.817099
leeds,78,88,0.87263
leeds,68,87,0.991625
leeds,43,81,1.078888
leeds,472,480,0.761568
leeds,470,476,0.991625
leeds,423,426,0.817099
leeds,422,428,0.912295
leeds,424,431,1.078888
leeds,411,417,0.761568
leeds,398,409,1.078888
leeds,399,413,1.412074
leeds,305,333,1.078888
leeds,92,96,0.761568
leeds,94,100,0.912295
leeds,2,5,0.761568
leeds,1,6,1.126486
leeds,4,9,1.26928
leeds,3,12,1.412074
leeds,47,62,0.817099
leeds,49,52,0.95196
leeds,45,59,1.078888
leeds,44,55,1.412074
leeds,64,57,0.817099
leeds,60,56,1.126486
leeds,71,54,1.412074
leeds,65,66,0.674305
leeds,58,72,0.991625
leeds,70,74,1.03129
leeds,25,20,1.126486
leeds,24,19,1.18995
leeds,22,23,1.412074
leeds,40,34,0.991625
leeds,42,35,1.412074
leeds,77,86,0.761568
leeds,75,84,0.991625
leeds,76,85,1.078888
leeds,26,18,0.817099
leeds,28,16,0.991625
leeds,31,17,1.18995
leeds,184,196,0.87263
leeds,163,205,1.078888
leeds,207,214,0.95196
leeds,169,209,0.674305
leeds,164,172,1.03129
leeds,148,176,1.078888
leeds,174,210,1.26928
leeds,177,171,1.03129
leeds,151,197,0.761568
leeds,173,220,1.18995
leeds,168,206,1.18995
leeds,166,213,0.817099
leeds,159,201,1.412074
leeds,179,195,1.26928
leeds,194,199,1.412074
leeds,178,218,1.18995
leeds,149,211,0.674305
bfd_p-c,67,66,0.112941
bfd_p-c,67,80,0.202353
bfd_p-c,67,83,0.338824
bfd_p-c,67,77,0.705882
bfd_p-c,67,65,0.141176
bfd_p-c,67,64,0.268235
bfd_p-c,67,63,0.517647
bfd_p-c,67,71,0.211765
bfd_p-c,67,82,0.442353
bfd_p-c,67,74,0.338824
bfd_p-c,67,81,0.64
bfd_p-c,67,76,0.164706
bfd_p-c,67,75,0.381176
bfd_p-c,67,79,0.607059
bfd_p-c,67,68,0.235294
bfd_p-c,67,69,0.423529
bfd_p-c,67,70,0.385882
bfd_p-c,67,78,0.705882
bfd_p-c,67,72,0.362353
bfd_p-c,67,73,0.621176
bfd_p-c,49,46,0.131765
bfd_p-c,49,59,0.447059
bfd_p-c,49,48,0.503529
bfd_p-c,49,47,0.461176
bfd_p-c,49,43,0.225882
bfd_p-c,49,52,0.174118
bfd_p-c,49,60,0.338824
bfd_p-c,49,61,0.569412
bfd_p-c,49,62,0.616471
bfd_p-c,49,54,0.202353
bfd_p-c,49,53,0.155294
bfd_p-c,49,58,0.569412
bfd_p-c,49,42,0.710588
bfd_p-c,49,55,0.414118
bfd_p-c,49,56,0.461176
bfd_p-c,49,44,0.550588
bfd_p-c,49,57,0.470588
bfd_p-c,49,51,0.385882
bfd_p-c,49,45,0.536471
bfd_p-c,49,50,0.602353
bfd_p-c,97,104,0.569412
bfd_p-c,97,89,0.851765
bfd_p-c,97,100,0.141176
bfd_p-c,97,88,0.588235
bfd_p-c,97,96,0.230588
bfd_p-c,97,102,0.249412
bfd_p-c,97,90,0.583529
bfd_p-c,97,92,0.428235
bfd_p-c,97,85,0.738824
bfd_p-c,97,91,0.512941
bfd_p-c,97,86,0.955294
bfd_p-c,97,101,0.409412
bfd_p-c,97,84,0.757647
bfd_p-c,97,95,0.188235
bfd_p-c,97,103,0.583529
bfd_p-c,97,93,0.72
bfd_p-c,97,94,0.197647
bfd_p-c,97,98,0.094118
bfd_p-c,97,87,0.691765
bfd_p-c,97,99,0.56
bfd_p-c,172,187,0.548486
bfd_p-c,172,171,0.456341
bfd_p-c,172,182,0.517771
bfd_p-c,172,178,0.258885
bfd_p-c,172,176,0.447565
bfd_p-c,172,183,0.508995
bfd_p-c,172,173,0.127249
bfd_p-c,172,170,0.118473
bfd_p-c,172,168,0.188679
bfd_p-c,172,185,0.601141
bfd_p-c,172,179,0.219394
bfd_p-c,172,169,0.320316
bfd_p-c,172,184,0.293989
bfd_p-c,172,175,0.122861
bfd_p-c,172,186,0.522159
bfd_p-c,172,177,0.500219
bfd_p-c,172,181,0.653796
bfd_p-c,172,180,0.618692
bfd_p-c,172,188,0.487056
bfd_p-c,172,174,0.390522
bfd_p-c,133,128,0.8
bfd_p-c,133,138,0.550588
bfd_p-c,133,139,0.371765
bfd_p-c,133,132,0.150588
bfd_p-c,133,127,0.917647
bfd_p-c,133,131,0.404706
bfd_p-c,133,143,0.936471
bfd_p-c,133,145,0.865882
bfd_p-c,133,137,0.418824
bfd_p-c,133,135,0.277647
bfd_p-c,133,144,0.555294
bfd_p-c,133,141,0.809412
bfd_p-c,133,134,0.108235
bfd_p-c,133,136,0.305882
bfd_p-c,133,140,0.691765
bfd_p-c,133,129,0.447059
bfd_p-c,133,126,0.541176
bfd_p-c,133,146,1.00706
bfd_p-c,133,130,0.207059
bfd_p-c,133,142,0.701176
bfd_p-c,160,156,0.244211
bfd_p-c,160,161,0.155789
bfd_p-c,160,162,0.378947
bfd_p-c,160,164,0.374737
bfd_p-c,160,153,0.202105
bfd_p-c,160,159,0.193684
bfd_p-c,160,149,0.711579
bfd_p-c,160,163,0.223158
bfd_p-c,160,155,0.454737
bfd_p-c,160,167,0.618947
bfd_p-c,160,150,0.357895
bfd_p-c,160,148,0.597895
bfd_p-c,160,151,0.505263
bfd_p-c,160,152,0.370526
bfd_p-c,160,157,0.644211
bfd_p-c,160,165,0.442105
bfd_p-c,160,166,0.433684
bfd_p-c,160,154,0.543158
bfd_p-c,160,158,0.122105
bfd_p-c,160,147,0.741053
bfd_p-c,4,19,0.828982
bfd_p-c,4,18,1.19452
bfd_p-c,4,16,0.685379
bfd_p-c,4,10,0.711488
bfd_p-c,4,5,0.215405
bfd_p-c,4,0,0.652742
bfd_p-c,4,9,0.313316
bfd_p-c,4,12,0.469974
bfd_p-c,4,6,0.75718
bfd_p-c,4,8,0.267624
bfd_p-c,4,20,1.0248
bfd_p-c,4,15,0.659269
bfd_p-c,4,14,1.18146
bfd_p-c,4,1,0.698433
bfd_p-c,4,2,0.724543
bfd_p-c,4,17,1.0248
bfd_p-c,4,13,0.319843
bfd_p-c,4,3,0.339426
bfd_p-c,4,11,0.620104
bfd_p-c,4,7,0.182768
bfd_p-c,33,23,0.357662
bfd_p-c,33,40,0.392556
bfd_p-c,33,30,0.380925
bfd_p-c,33,25,0.331492
bfd_p-c,33,24,0.229718
bfd_p-c,33,28,0.13376
bfd_p-c,33,34,0.354754
bfd_p-c,33,26,0.311137
bfd_p-c,33,27,0.177377
bfd_p-c,33,36,0.305321
bfd_p-c,33,29,0.087235
bfd_p-c,33,32,0.081419
bfd_p-c,33,39,0.471067
bfd_p-c,33,31,0.282059
bfd_p-c,33,41,0.590288
bfd_p-c,33,38,0.238441
bfd_p-c,33,21,0.642629
bfd_p-c,33,22,0.584472
bfd_p-c,33,35,0.212271
bfd_p-c,33,37,0.476883
bfd_p-c,110,107,0.365782
bfd_p-c,110,113,0.271386
bfd_p-c,110,123,1.05015
bfd_p-c,110,106,0.619469
bfd_p-c,110,121,0.772861
bfd_p-c,110,115,0.324484
bfd_p-c,110,116,0.147493
bfd_p-c,110,124,1.15044
bfd_p-c,110,114,0.153392
bfd_p-c,110,109,0.60177
bfd_p-c,110,122,0.489676
bfd_p-c,110,105,0.961652
bfd_p-c,110,111,0.100295
bfd_p-c,110,117,0.890855
bfd_p-c,110,108,0.312684
bfd_p-c,110,120,0.377581
bfd_p-c,110,118,0.619469
bfd_p-c,110,112,0.80236
bfd_p-c,110,119,0.336283
bfd_p-c,110,125,0.99705
bfd_p-c,196,206,1.11111
bfd_p-c,196,197,0.826389
bfd_p-c,196,209,0.805556
bfd_p-c,196,198,0.270833
bfd_p-c,196,194,0.361111
bfd_p-c,196,193,1.16667
bfd_p-c,196,190,1.00694
bfd_p-c,196,192,0.305556
bfd_p-c,196,203,0.743056
bfd_p-c,196,200,0.944444
bfd_p-c,196,202,0.701389
bfd_p-c,196,204,0.833333
bfd_p-c,196,195,0.777778
bfd_p-c,196,208,0.305556
bfd_p-c,196,207,1.21528
bfd_p-c,196,191,0.631944
bfd_p-c,196,199,0.270833
bfd_p-c,196,201,0.708333
bfd_p-c,196,189,1.20139
bfd_p-c,196,205,0.347222
bfd_p-d65,1173,1198,1.02941
bfd_p-d65,1173,1232,1.11176
bfd_p-d65,1173,1197,1.13294
bfd_p-d65,1173,1187,1.15294
bfd_p-d65,1173,1166,1.09176
bfd_p-d65,1173,1195,1.01176
bfd_p-d65,1173,1225,1.25882
bfd_p-d65,1173,1186,1.08118
bfd_p-d65,1173,1145,1.16353
bfd_p-d65,1173,1141,0.916471
bfd_p-d65,1393,1375,1.14613
bfd_p-d65,1393,1404,1.15759
bfd_p-d65,1393,1410,1.08883
bfd_p-d65,1393,1363,0.939828
bfd_p-d65,1393,1353,1.13467
bfd_p-d65,1393,1355,1.26074
bfd_p-d65,1393,1358,1.28367
bfd_p-d65,1393,1370,1.15759
bfd_p-d65,1393,1389,0.931232
bfd_p-d65,1393,1381,0.825215
bfd_p-d65,1393,1388,1.04585
bfd_p-d65,1393,1362,1.28367
bfd_p-d65,1393,1369,1.31805
bfd_p-d65,1354,1311,1.37883
bfd_p-d65,1354,1331,1.24095
bfd_p-d65,1354,1351,1.461
bfd_p-d65,1354,1334,1.57939
bfd_p-d65,1354,1367,0.993036
bfd_p-d65,1354,1376,1.10306
bfd_p-d65,1354,1297,1.58078
bfd_p-d65,1354,1345,1.70334
bfd_p-d65,1354,1371,1.34401
bfd_p-d65,1354,1386,1.4415
bfd_p-d65,1354,1390,1.01393
bfd_p-d65,1522,1512,1.48248
bfd_p-d65,1522,1531,1.28032
bfd_p-d65,1522,1526,1.02426
bfd_p-d65,1522,1502,1.36119
bfd_p-d65,1522,1534,1.18598
bfd_p-d65,1522,1543,2.00809
bfd_p-d65,1522,1515,0.916442
bfd_p-d65,1564,1542,1.45233
bfd_p-d65,1564,1541,1.5255
bfd_p-d65,1564,1580,1.33592
bfd_p-d65,1564,1572,1.46674
bfd_p-d65,1564,1574,1.59756
bfd_p-d65,1564,1546,1.44457
bfd_p-d65,1564,1583,1.38027
bfd_p-d65,1564,1575,1.53991
bfd_p-d65,1564,1582,1.36475
bfd_p-d65,1564,1586,1.75721
bfd_p-d65,1564,1539,1.46674
bfd_p-d65,1564,1563,1.80044
bfd_p-d65,1564,1585,1.78603
bfd_p-d65,1528,1518,1.90291
bfd_p-d65,1528,1510,1.98058
bfd_p-d65,1528,1498,1.70874
bfd_p-d65,1528,1538,2.13592
bfd_p-d65,1528,1523,1.87379
bfd_p-d65,1528,1520,1.80583
bfd_p-d65,1528,1547,2.19417
bfd_p-d65,1528,1535,1.38835
bfd_p-d65,1528,1554,1.35922
bfd_p-d65,1528,1493,2.75728
bfd_p-d65,1431,1401,1.72619
bfd_p-d65,1431,1407,2.01935
bfd_p-d65,1431,1429,1.48512
bfd_p-d65,1431,1433,1.53571
bfd_p-d65,1431,1443,1.5878
bfd_p-d65,1431,1442,1.5625
bfd_p-d65,1431,1406,1.5625
bfd_p-d65,1431,1419,1.43304
bfd_p-d65,1431,1434,1.35565
bfd_p-d65,1464,1485,1.4
bfd_p-d65,1464,1461,1.5968
bfd_p-d65,1464,1450,1.7088
bfd_p-d65,1464,1449,1.2608
bfd_p-d65,1464,1452,1.0928
bfd_p-d65,1464,1468,1.0496
bfd_p-d65,1464,1451,1.6864
bfd_p-d65,1464,1469,1.232
bfd_p-d65,1464,1478,1.2608
bfd_p-d65,1464,1460,1.7504
bfd_p-d65,1508,1519,1.13423
bfd_p-d65,1508,1488,1.20268
bfd_p-d65,1508,1514,1.10872
bfd_p-d65,1508,1511,0.94094
bfd_p-d65,1508,1495,1.37181
bfd_p-d65,1508,1517,1.0094
bfd_p-d65,1508,1499,1.16779
bfd_p-d65,1508,1537,1.32752
bfd_p-d65,1508,1500,1.49664
bfd_p-d65,1508,1507,1.12215
bfd_p-d65,1508,1491,0.918121
bfd_p-d65,1508,1506,1.2255
bfd_p-d65,1508,1503,1.13826
bfd_p-d65,1508,1513,1.16779
bfd_p-d65,1508,1529,1.21342
bfd_p-d65,1633,1625,1.46875
bfd_p-d65,1633,1673,1.47743
bfd_p-d65,1633,1616,1.41667
bfd_p-d65,1633,1676,1.95312
bfd_p-d65,1633,1629,1.95312
bfd_p-d65,1633,1647,1.86458
bfd_p-d65,1633,1628,1.32118
bfd_p-d65,1633,1619,1.57812
bfd_p-d65,1633,1646,1.48264
bfd_p-d65,1633,1617,1.65972
bfd_p-d65,1633,1649,1.15278
bfd_p-d65,1633,1662,1.65972
bfd_p-d65,1633,1666,1.85069
bfd_p-d65,1633,1623,1.86458
bfd_p-d65,1774,1728,1.66282
bfd_p-d65,1774,1793,1.56351
bfd_p-d65,1774,1790,1.49654
bfd_p-d65,1774,1733,1.8291
bfd_p-d65,1774,1769,1.79677
bfd_p-d65,1774,1716,2.39492
bfd_p-d65,1774,1704,1.21478
bfd_p-d65,1774,1812,1.72979
bfd_p-d65,1774,1822,1.26328
bfd_p-d65,1774,1798,1.29792
bfd_p-d65,1774,1725,1.33025
bfd_p-d65,1774,1780,1.67898
bfd_p-d65,1724,1738,1.52344
bfd_p-d65,1724,1729,1.33398
bfd_p-d65,1724,1691,1.48633
bfd_p-d65,1724,1730,1.55469
bfd_p-d65,1724,1699,1.76758
bfd_p-d65,1724,1720,1.26367
bfd_p-d65,1724,1742,1.54687
bfd_p-d65,1724,1688,1.32617
bfd_p-d65,1724,1703,1.53125
bfd_p-d65,1724,1737,1.40234
bfd_p-d65,1724,1696,1.41602
bfd_p-d65,1724,1705,1.32617
bfd_p-d65,1724,1712,1.40234
bfd_p-d65,1857,1858,1.34953
bfd_p-d65,1857,1851,1.37652
bfd_p-d65,1857,1841,1.09987
bfd_p-d65,1857,1840,1.67341
bfd_p-d65,1857,1879,1.5857
bfd_p-d65,1857,1888,1.64642
bfd_p-d65,1857,1838,1.22132
bfd_p-d65,1857,1860,1.61943
bfd_p-d65,1857,1862,1.52497
bfd_p-d65,1857,1839,1.39001
bfd_p-d65,1811,1826,1.72684
bfd_p-d65,1811,1819,1.58845
bfd_p-d65,1811,1825,1.83875
bfd_p-d65,1811,1816,1.45969
bfd_p-d65,1811,1807,1.65824
bfd_p-d65,1811,1827,1.48496
bfd_p-d65,1811,1835,1.98556
bfd_p-d65,1811,1823,1.19134
bfd_p-d65,1811,1801,1.31288
bfd_p-d65,2046,2036,1.16359
bfd_p-d65,2046,2065,1.17466
bfd_p-d65,2046,2084,1.123
bfd_p-d65,2046,2037,1.33825
bfd_p-d65,2046,2072,0.779828
bfd_p-d65,2046,2094,1.10578
bfd_p-d65,2046,2078,1.19803
bfd_p-d65,2046,2040,0.96556
bfd_p-d65,2046,2041,0.873309
bfd_p-d65,2046,2058,1.123
bfd_p-d65,2046,2077,1.17466
bfd_p-d65,2046,2079,1.31488
bfd_p-d65,2101,2103,1.60846
bfd_p-d65,2101,2085,1.38419
bfd_p-d65,2101,2088,1.52757
bfd_p-d65,2101,2076,1.67279
bfd_p-d65,2101,2063,1.38419
bfd_p-d65,2101,2109,1.33456
bfd_p-d65,2101,2100,1.64154
bfd_p-d65,2101,2086,1.59191
bfd_p-d65,2101,2117,1.28676
bfd_p-d65,2101,2095,1.625
bfd_p-d65,2101,2053,1.9136
bfd_p-d65,1871,1882,1.43808
bfd_p-d65,1871,1866,1.03595
bfd_p-d65,1871,1847,1.48069
bfd_p-d65,1871,1883,1.23702
bfd_p-d65,1871,1863,1.40879
bfd_p-d65,1871,1859,1.48069
bfd_p-d65,1871,1864,1.23702
bfd_p-d65,1871,1889,1.26498
bfd_p-d65,1871,1897,1.52463
bfd_p-d65,1871,1869,1.5526
bfd_p-d65,1871,1878,1.15047
bfd_p-d65,1871,1884,1.48069
bfd_p-d65,1955,1951,1.55556
bfd_p-d65,1955,1917,1.3381
bfd_p-d65,1955,1990,1.50952
bfd_p-d65,1955,1936,1.75714
bfd_p-d65,1955,1916,1.41587
bfd_p-d65,1955,1930,1.29048
bfd_p-d65,1955,1949,1.71111
bfd_p-d65,1955,2006,1.49365
bfd_p-d65,1955,2008,1.13492
bfd_p-d65,1955,1961,1.53968
bfd_p-d65,1955,1932,1.53968
bfd_p-d65,1955,2002,1.43175
bfd_p-d65,1639,1656,0.915179
bfd_p-d65,1639,1630,0.988839
bfd_p-d65,1639,1637,1.0346
bfd_p-d65,1639,1670,0.823661
bfd_p-d65,1639,1684,1.05246
bfd_p-d65,1639,1636,0.86942
bfd_p-d65,1639,1674,1.07031
bfd_p-d65,1639,1671,1.08036
bfd_p-d65,1639,1669,0.777902
bfd_p-d65,1639,1615,1.07031
bfd_p-d65,2132,2135,1.51943
bfd_p-d65,2132,2090,1.58775
bfd_p-d65,2132,2148,1.61013
bfd_p-d65,2132,2124,1.36749
bfd_p-d65,2132,2139,1.23086
bfd_p-d65,2132,2164,1.69376
bfd_p-d65,2132,2106,1.48881
bfd_p-d65,2132,2156,2.08127
bfd_p-d65,2132,2149,1.10954
bfd_p-d65,2132,2114,1.74794
bfd_p-d65,117,144,1.25506
bfd_p-d65,117,118,1.25506
bfd_p-d65,117,142,1.14372
bfd_p-d65,117,103,1.94332
bfd_p-d65,117,137,1.59919
bfd_p-d65,117,110,1.23482
bfd_p-d65,117,119,1.29555
bfd_p-d65,117,124,1.40688
bfd_p-d65,117,153,1.54858
bfd_p-d65,117,108,1.10324
bfd_p-d65,117,109,1.73077
bfd_p-d65,117,152,1.7004
bfd_p-d65,117,111,0.97166
bfd_p-d65,117,133,1.32591
bfd_p-d65,266,229,1.59917
bfd_p-d65,266,267,1.54759
bfd_p-d65,266,253,1.19938
bfd_p-d65,266,268,1.19938
bfd_p-d65,266,274,1.27676
bfd_p-d65,266,271,1.27676
bfd_p-d65,266,248,1.56048
bfd_p-d65,266,273,1.45731
bfd_p-d65,266,278,1.35414
bfd_p-d65,266,231,1.98607
bfd_p-d65,266,275,1.83131
bfd_p-d65,266,254,1.48311
bfd_p-d65,266,265,1.62497
bfd_p-d65,266,243,2.01186
bfd_p-d65,266,239,2.03766
bfd_p-d65,196,188,1.41911
bfd_p-d65,196,167,0.955535
bfd_p-d65,196,166,1.61779
bfd_p-d65,196,208,1.44749
bfd_p-d65,196,194,1.36235
bfd_p-d65,196,197,1.15421
bfd_p-d65,196,158,1.02176
bfd_p-d65,196,168,2.03406
bfd_p-d65,196,202,1.8543
bfd_p-d65,196,138,1.61779
bfd_p-d65,196,207,0.936613
bfd_p-d65,162,146,1.7246
bfd_p-d65,162,160,1.06952
bfd_p-d65,162,184,1.1631
bfd_p-d65,162,149,1.1631
bfd_p-d65,162,171,0.909091
bfd_p-d65,162,170,1.32353
bfd_p-d65,162,172,1.28342
bfd_p-d65,162,165,1.25668
bfd_p-d65,162,178,1.79144
bfd_p-d65,162,173,1.57754
bfd_p-d65,162,159,0.935829
bfd_p-d65,162,179,1.9385
bfd_p-d65,777,819,1.36364
bfd_p-d65,777,875,1.87799
bfd_p-d65,777,842,1.97368
bfd_p-d65,777,730,2.21292
bfd_p-d65,777,786,1.36364
bfd_p-d65,777,1037,2.78708
bfd_p-d65,777,820,1.36364
bfd_p-d65,777,860,1.91388
bfd_p-d65,777,868,2.14115
bfd_p-d65,777,749,2.32057
bfd_p-d65,777,970,1.75837
bfd_p-d65,777,969,1.36364
bfd_p-d65,67,71,1.03989
bfd_p-d65,67,28,1.39601
bfd_p-d65,67,38,1.46724
bfd_p-d65,67,65,1.55271
bfd_p-d65,67,69,1.4245
bfd_p-d65,67,68,1.65242
bfd_p-d65,67,42,1.65242
bfd_p-d65,67,82,1.08262
bfd_p-d65,67,48,1.46724
bfd_p-d65,67,60,1.36752
bfd_p-d65,99,81,1.28806
bfd_p-d65,99,102,0.913349
bfd_p-d65,99,96,0.971897
bfd_p-d65,99,107,0.995316
bfd_p-d65,99,92,0.936768
bfd_p-d65,99,87,1.17096
bfd_p-d65,99,100,0.913349
bfd_p-d65,99,101,0.960187
bfd_p-d65,99,95,0.936768
bfd_p-d65,99,88,1.15925
bfd_p-d65,99,106,1.14754
bfd_p-d65,129,126,1.19122
bfd_p-d65,129,136,0.867294
bfd_p-d65,129,130,1.04493
bfd_p-d65,129,132,1.06583
bfd_p-d65,129,145,1.14943
bfd_p-d65,129,139,1.08673
bfd_p-d65,129,134,1.14943
bfd_p-d65,129,135,1.08673
bfd_p-d65,129,131,1.02403
bfd_p-d65,129,141,1.17032
bfd_p-d65,129,127,1.20167
bfd_p-d65,129,113,1.38976
bfd_p-d65,14,17,1.54676
bfd_p-d65,14,15,1.7446
bfd_p-d65,14,16,1.65468
bfd_p-d65,14,8,1.7446
bfd_p-d65,14,11,1.7446
bfd_p-d65,14,13,1.7446
bfd_p-d65,14,12,1.83453
bfd_p-d65,14,9,1.83453
bfd_p-d65,14,10,1.70863
bfd_p-d65,14,18,1.67266
bfd_p-d65,2337,2343,1.24464
bfd_p-d65,2337,2349,0.844063
bfd_p-d65,2337,2345,1.03004
bfd_p-d65,2337,2336,1.28755
bfd_p-d65,2337,2351,1.1731
bfd_p-d65,2337,2335,0.901288
bfd_p-d65,2337,2338,1.43062
bfd_p-d65,2337,2340,1.3877
bfd_p-d65,2337,2352,1.03004
bfd_p-d65,2337,2342,1.1731
bfd_p-d65,2337,2353,1.28755
bfd_p-d65,2303,2300,1.59734
bfd_p-d65,2303,2304,1.4975
bfd_p-d65,2303,2306,1.46423
bfd_p-d65,2303,2308,1.76373
bfd_p-d65,2303,2309,1.2812
bfd_p-d65,2303,2312,1.54742
bfd_p-d65,2303,2313,1.78037
bfd_p-d65,2303,2307,1.33111
bfd_p-d65,2303,2301,1.51414
bfd_p-d65,2303,2311,1.76373
bfd_p-d65,2303,2310,1.08153
bfd_p-d65,2303,2302,1.24792
bfd_p-d65,2303,2305,1.51414
bfd_p-d65,230,255,1.41557
bfd_p-d65,230,235,0.687563
bfd_p-d65,230,251,1.00101
bfd_p-d65,230,224,0.515672
bfd_p-d65,230,241,2.00202
bfd_p-d65,230,232,1.15268
bfd_p-d65,230,226,1.7998
bfd_p-d65,230,225,1.4459
bfd_p-d65,230,234,0.788675
bfd_p-d65,230,218,0.768453
bfd_p-d65,230,217,1.64813
bfd_p-d65,230,223,0.758342
bfd_p-d65,44,61,0.866388
bfd_p-d65,44,62,0.636743
bfd_p-d65,44,70,1.3048
bfd_p-d65,44,66,1.62839
bfd_p-d65,44,72,2.15031
bfd_p-d65,44,59,1.51357
bfd_p-d65,44,64,1.77453
bfd_p-d65,44,53,2.32777
bfd_p-d65,44,55,2.07724
bfd_p-d65,44,46,2.27557
bfd_p-d65,44,29,0.897704
bfd_p-d65,44,40,0.981211
bfd_p-d65,44,34,0.91858
bfd_p-d65,644,654,0.321012
bfd_p-d65,644,656,0.554475
bfd_p-d65,644,651,0.301556
bfd_p-d65,644,649,0.379377
bfd_p-d65,644,653,0.856031
bfd_p-d65,644,655,0.57393
bfd_p-d65,644,632,0.836576
bfd_p-d65,644,643,0.768482
bfd_p-d65,644,631,0.768482
bfd_p-d65,644,634,0.515564
bfd_p-d65,644,620,0.418288
bfd_p-d65,644,621,0.856031
bfd_p-d65,644,630,0.700389
bfd_p-d65,644,598,1.01167
bfd_p-d65,644,605,0.700389
bfd_p-d65,644,623,0.554475
bfd_p-d65,644,637,0.262646
bfd_p-d65,644,639,0.457198
bfd_p-d65,2477,2474,1.0687
bfd_p-d65,2477,2484,1.24973
bfd_p-d65,2477,2475,0.888768
bfd_p-d65,2477,2483,1.43075
bfd_p-d65,2477,2481,1.35551
bfd_p-d65,2477,2480,1.17557
bfd_p-d65,2477,2478,1.12977
bfd_p-d65,2477,2488,2.07852
bfd_p-d65,2477,2493,1.64122
bfd_p-d65,2477,2479,0.782988
bfd_p-d65,2477,2482,1.7928
bfd_p-d65,2477,2487,1.506
bfd_p-d65,2477,2491,1.20502
bfd_p-d65,2477,2485,0.964013
bfd_p-d65,2477,2492,1.43075
bfd_p-d65,2477,2499,0.782988
bfd_p-d65,2477,2459,0.994547
bfd_p-d65,2477,2497,1.24973
bfd_p-d65,2477,2460,1.86805
bfd_p-d65,2477,2498,0.572519
bfd_p-d65,2477,2496,1.29553
bfd_p-d65,2477,2468,0.557252
bfd_p-d65,2477,2472,0.661941
bfd_p-d65,2477,2467,1.65649
bfd_p-d65,2477,2495,1.80698
bfd_p-d65,578,559,1.73316
bfd_p-d65,578,591,3.17201
bfd_p-d65,578,579,2.51799
bfd_p-d65,578,614,2.3414
bfd_p-d65,578,587,2.91694
bfd_p-d65,578,613,1.58273
bfd_p-d65,578,612,1.51079
bfd_p-d65,578,608,1.8378
bfd_p-d65,578,584,2.13865
bfd_p-d65,578,670,1.63506
bfd_p-d65,578,681,2.81884
bfd_p-d65,578,648,2.91694
bfd_p-d65,578,448,3.64944
bfd_p-d65,578,503,2.9431
bfd_p-d65,578,501,2.31524
bfd_p-d65,578,599,1.75932
bfd_p-d65,578,507,3.42054
bfd_p-d65,578,663,2.26292
bfd_p-d65,578,519,2.13865
bfd_p-d65,524,532,0.816495
bfd_p-d65,524,531,1.94124
bfd_p-d65,524,508,1.37835
bfd_p-d65,524,537,1.42062
bfd_p-d65,524,530,1.53814
bfd_p-d65,524,547,2.19588
bfd_p-d65,524,543,1.49485
bfd_p-d65,524,536,1.83505
bfd_p-d65,524,533,1.78144
bfd_p-d65,524,520,2.49278
bfd_p-d65,524,517,1.90928
bfd_p-d65,524,542,2.2268
bfd_p-d65,524,544,1.07113
bfd_p-d65,524,558,1.56907
bfd_p-d65,524,527,0.869072
bfd_p-d65,524,564,0.614433
bfd_p-d65,524,577,0.774227
bfd_p-d65,524,638,1.32577
bfd_p-d65,524,460,1.87732
bfd_p-d65,524,565,2.25876
bfd_p-d65,524,572,0.996907
bfd_p-d65,524,610,2.71546
bfd_p-d65,524,421,2.2268
bfd_p-d65,524,609,1.25155
bfd_p-d65,1995,1970,1.38117
bfd_p-d65,1995,2026,1.60245
bfd_p-d65,1995,2016,1.542
bfd_p-d65,1995,2007,1.33823
bfd_p-d65,1995,1989,1.49284
bfd_p-d65,1995,1913,1.84143
bfd_p-d65,1995,1931,1.80603
bfd_p-d65,1995,1919,1.83842
bfd_p-d65,1995,1934,1.88211
bfd_p-d65,1995,1946,1.95217
bfd_p-d65,1995,1942,1.4838
bfd_p-d65,1995,1921,1.84746
bfd_p-d65,1995,1983,1.12411
bfd_p-d65,1995,1994,1.2968
bfd_p-d65,1995,2028,1.86969
bfd_p-d65,1995,2021,1.76062
bfd_p-d65,1995,1928,2.10525
bfd_p-d65,1995,1914,2.03652
bfd_p-d65,1995,1933,3.24916
bfd_p-d65,1995,1977,1.06969
bfd_p-d65,1995,1950,1.78091
bfd_p-d65,1995,2004,1.32363
bfd_p-d65,1995,1981,1.67924
bfd_p-d65,1995,1937,2.63484
bfd_p-d65,1995,1909,2.9494
bfd_p-d65,1995,1940,1.73938
bfd_p-d65,1995,2003,0.109547
bfd_p-d65,1855,1876,0.431398
bfd_p-d65,1855,1887,0.522515
bfd_p-d65,1855,1895,0.577836
bfd_p-d65,1855,1894,0.754529
bfd_p-d65,1855,1896,0.79912
bfd_p-d65,1855,1899,0.99015
bfd_p-d65,1855,1890,0.787951
bfd_p-d65,1855,1898,1.06579
bfd_p-d65,1855,1872,0.703958
bfd_p-d65,1855,1870,0.660422
bfd_p-d65,1855,1865,0.71504
bfd_p-d65,1855,1845,0.498417
bfd_p-d65,1855,1905,1.09587
bfd_p-d65,669,677,0.684433
bfd_p-d65,669,668,0.623786
bfd_p-d65,669,678,0.537111
bfd_p-d65,669,665,0.654296
bfd_p-d65,669,675,0.992279
bfd_p-d65,669,680,0.854047
bfd_p-d65,669,674,0.669988
bfd_p-d65,669,696,0.908344
bfd_p-d65,669,667,0.577086
bfd_p-d65,669,568,1.21445
bfd_p-d65,669,563,1.26202
bfd_p-d65,669,567,1.24857
bfd_p-d65,669,664,0.792902
bfd_p-d65,669,660,0.760274
bfd_p-d65,669,666,0.452428
bfd_p-d65,669,712,1.31258
bfd_p-d65,669,711,1.11519
bfd_p-d65,669,713,1.19614
bfd_p-d65,669,689,0.761395
bfd_p-d65,1881,1600,3.38
bfd_p-d65,1881,2174,5.57
bfd_p-d65,77,143,4.47
bfd_p-d65,91,125,3.03
bfd_p-d65,838,1184,3.49
bfd_p-d65,838,1074,3.04
bfd_p-d65,838,980,3.09
bfd_p-d65,1075,758,3.75
bfd_p-d65,781,757,3.9
bfd_p-d65,781,671,3.97
bfd_p-d65,673,987,4.38
bfd_p-d65,759,988,3.94
bfd_p-d65,781,1222,4.73
bfd_p-d65,1139,1441,3.52
bfd_p-d65,1902,2143,2.91
bfd_p-d65,1902,2199,4.3
bfd_p-d65,1902,2143,3.02
bfd_p-d65,1902,2199,4.14
bfd_p-d65,1968,1755,3.8
bfd_p-d65,1960,2176,3.51
bfd_p-d65,261,302,3.62
bfd_p-d65,280,216,2.97
bfd_p-d65,215,284,2.95
bfd_p-d65,292,209,5.48
bfd_p-d65,215,244,5.53
bfd_p-d65,215,156,5.45
bfd_p-d65,215,120,5.32
bfd_p-d65,215,199,5.34
bfd_p-d65,285,256,4.77
bfd_p-d65,285,157,6.56
bfd_p-d65,214,309,8.05
bfd_p-d65,1067,1220,5.37
bfd_p-d65,1067,1081,4.92
bfd_p-d65,1067,835,3.97
bfd_p-d65,1067,725,3.64
bfd_p-d65,1080,724,5.52
bfd_p-d65,1219,836,5.02
bfd_p-d65,1106,811,3.37
bfd_p-d65,2277,2123,3.71
bfd_p-d65,2251,2315,2.76
bfd_p-d65,1675,1964,3.11
bfd_p-d65,1622,1929,3.02
bfd_p-d65,2005,1762,4.19
bfd_p-d65,2005,1584,5.29
bfd_p-d65,2005,1679,4.1
bfd_p-d65,2005,1829,4.14
bfd_p-d65,1830,2089,2.64
bfd_p-d65,1680,1813,2.88
bfd_p-d65,1852,1723,4.41
bfd_p-d65,1453,1624,3.47
bfd_p-d65,1414,1152,2.95
bfd_p-d65,1848,1594,3.93
bfd_p-d65,1886,2162,3.5
bfd_p-d65,1912,2184,3.91
bfd_p-d65,1918,1631,3.27
bfd_p-d65,185,236,2.98
bfd_p-d65,195,264,3.13
bfd_p-d65,829,635,3.95
bfd_p-d65,810,616,3.9
bfd_p-d65,228,201,3.2
bfd_p-d65,228,307,4.88
bfd_p-d65,35,98,3.28
bfd_p-d65,79,114,3.64
bfd_p-d65,2490,2363,3.45
bfd_p-d65,2476,2445,3.25
bfd_p-d65,570,465,3.24
bfd_p-d65,513,726,5.33
bfd_p-d65,2490,2363,3.64
bfd_p-d65,2476,2445,2.61
bfd_p-d65,2011,1710,3.82
bfd_p-d65,1947,2192,3.45
bfd_p-d65,2011,1710,3.28
bfd_p-d65,1947,2192,3.2
bfd_p-d65,541,739,4.07
bfd_p-d65,555,326,5.79
bfd_p-d65,498,658,4.01
bfd_p-d65,499,633,3.94
bfd_p-d65,36,123,4.17
bfd_p-d65,36,19,4.28
bfd_p-d65,2486,2458,1.428
bfd_p-d65,2333,2322,1.498
bfd_p-d65,2314,2298,1.288
bfd_p-d65,2208,2153,1.498
bfd_p-d65,1856,1775,1.4
bfd_p-d65,1123,1073,1.26
bfd_p-d65,691,627,1.414
bfd_p-d65,493,469,1.484
bfd_p-d65,112,105,1.442
bfd_p-d65,21,20,1.736
bfd_p-d65,7,6,1.47
bfd_p-d65,5,4,1.344
bfd_p-d65,2,1,1.386
bfd_p-d65,3,0,1.246
bfd_p-d65,1971,1861,1.624
bfd_p-d65,1681,1601,1.232
bfd_p-d65,775,738,1.288
bfd_p-d65,685,640,1.372
bfd_p-d65,442,404,1.036
bfd_p-d65,97,80,1.372
bfd_p-d65,2355,2329,1.316
bfd_p-d65,2317,2293,1.386
bfd_p-d65,2175,2130,1.232
bfd_p-d65,1532,1479,1.484
bfd_p-d65,1084,931,1.512
bfd_p-d65,585,538,1.26
bfd_p-d65,417,331,1.176
bfd_p-d65,2316,2299,0.98
bfd_p-d65,2110,1980,1.414
bfd_p-d65,1641,1595,1.162
bfd_p-d65,1487,1440,1.176
bfd_p-d65,702,657,1.302
bfd_p-d65,518,496,1.176
bfd_p-d65,286,260,1.554
bfd_p-d65,2296,2265,1.274
bfd_p-d65,2294,2231,1.652
bfd_p-d65,2286,2230,1.372
bfd_p-d65,2187,2104,1.624
bfd_p-d65,1438,1377,1.19
bfd_p-d65,1201,1101,0.98
bfd_p-d65,788,728,1.33
bfd_p-d65,198,169,1.47
bfd_p-d65,198,163,1.568
bfd_p-d65,1557,1556,1.39
bfd_p-d65,1555,1548,1.74
bfd_p-d65,1540,1578,2.36
bfd_p-d65,1579,1545,2.59
bfd_p-d65,1544,1571,0.48
bfd_p-d65,1719,1740,2.18
bfd_p-d65,1741,1736,2.69
bfd_p-d65,1741,1776,3.06
bfd_p-d65,1731,1821,1.94
bfd_p-d65,1731,1785,1.44
bfd_p-d65,1731,1683,0.89
bfd_p-d65,1744,1792,2.04
bfd_p-d65,1791,1782,2.56
bfd_p-d65,1695,1747,1.6
bfd_p-d65,1721,1787,1.2
bfd_p-d65,1721,1726,0.59
bfd_p-d65,1721,1698,1.0
bfd_p-d65,1721,1750,0.98
bfd_p-d65,1877,1873,1.43
bfd_p-d65,1877,1892,1.69
bfd_p-d65,1891,1854,2.23
bfd_p-d65,2012,2074,2.38
bfd_p-d65,2075,2035,2.45
bfd_p-d65,2119,2001,3.38
bfd_p-d65,2119,2105,2.12
bfd_p-d65,192,180,1.03
bfd_p-d65,192,183,1.15
bfd_p-d65,182,190,0.76
bfd_p-d65,193,191,1.25
bfd_p-d65,193,200,0.89
bfd_p-d65,187,189,1.2
bfd_p-d65,187,181,0.6
bfd_p-d65,176,186,0.72
bfd_p-d65,154,174,2.29
bfd_p-d65,140,155,3.07
bfd_p-d65,140,175,2.25
bfd_p-d65,164,177,0.46
bfd_p-d65,242,222,1.52
bfd_p-d65,221,252,1.04
bfd_p-d65,242,250,1.27
bfd_p-d65,259,247,2.33
bfd_p-d65,263,219,1.71
bfd_p-d65,249,220,0.93
bfd_p-d65,589,617,1.74
bfd_p-d65,603,554,2.59
bfd_p-d65,615,560,2.68
bfd_p-d65,603,561,3.08
bfd_p-d65,562,597,1.28
bfd_p-d65,549,581,1.66
bfd_p-d65,549,569,2.4
bfd_p-d65,549,646,2.79
bfd_p-d65,549,602,2.6
bfd_p-d65,549,500,2.25
bfd_p-d65,549,514,2.82
bfd_p-d65,549,510,2.42
bfd_p-d65,549,593,1.76
bfd_p-d65,549,624,2.4
bfd_p-d65,549,525,3.66
bfd_p-d65,509,592,2.19
bfd_p-d65,626,526,2.95
bfd_p-d65,583,645,1.81
bfd_p-d65,545,535,0.92
bfd_p-d65,545,512,2.15
bfd_p-d65,604,625,2.28
bfd_p-d65,540,521,1.63
bfd_p-d65,523,553,1.82
bfd_p-d65,601,618,2.16
bfd_p-d65,529,522,1.36
bfd_p-d65,789,772,0.68
bfd_p-d65,789,780,1.52
bfd_p-d65,773,787,0.82
bfd_p-d65,807,896,1.33
bfd_p-d65,782,751,1.42
bfd_p-d65,1900,1976,2.08
bfd_p-d65,1975,1958,2.3
bfd_p-d65,1959,1967,1.37
bfd_p-d65,1901,1908,4.44
bfd_p-d65,1901,1986,3.17
bfd_p-d65,1901,2027,3.24
bfd_p-d65,1901,1974,2.45
bfd_p-d65,1915,1954,2.44
bfd_p-d65,1956,1922,1.36
bfd_p-d65,1915,1925,2.69
bfd_p-d65,1993,1923,1.87
bfd_p-d65,317,316,2.0
bfd_p-d65,315,313,1.71
bfd_p-d65,315,308,1.16
bfd_p-d65,262,276,0.86
bfd_p-d65,262,281,0.98
bfd_p-d65,282,272,0.99
bfd_p-d65,279,257,0.92
bfd_p-d65,279,227,1.34
bfd_p-d65,270,283,2.06
bfd_p-d65,2289,2274,2.27
bfd_p-d65,2289,2281,2.49
bfd_p-d65,2282,2297,2.07
bfd_p-d65,2273,2283,0.72
bfd_p-d65,2268,2279,0.54
bfd_p-d65,2268,2266,0.63
bfd_p-d65,2268,2248,1.94
bfd_p-d65,2267,2249,1.99
bfd_p-d65,1062,1116,1.31
bfd_p-d65,1062,921,1.2
bfd_p-d65,1115,1068,1.51
bfd_p-d65,1066,845,1.36
bfd_p-d65,991,1083,1.21
bfd_p-d65,1097,1063,1.39
bfd_p-d65,1058,908,1.36
bfd_p-d65,1685,1833,1.55
bfd_p-d65,1682,1621,0.9
bfd_p-d65,1599,1618,1.34
bfd_p-d65,1614,1687,3.3
bfd_p-d65,2044,1972,1.44
bfd_p-d65,2044,2029,1.79
bfd_p-d65,2044,2069,1.12
bfd_p-d65,2061,1991,1.62
bfd_p-d65,1992,1997,1.66
bfd_p-d65,1998,2068,1.82
bfd_p-d65,776,840,0.95
bfd_p-d65,839,796,0.81
bfd_p-d65,978,850,1.3
bfd_p-d65,791,858,1.79
bfd_p-d65,791,752,2.02
bfd_p-d65,791,793,0.55
bfd_p-d65,766,831,0.87
bfd_p-d65,552,550,1.0
bfd_p-d65,552,539,1.45
bfd_p-d65,552,566,0.89
bfd_p-d65,1598,1605,1.43
bfd_p-d65,1598,1567,0.96
bfd_p-d65,1606,1561,1.51
bfd_p-d65,2217,2233,2.99
bfd_p-d65,2182,2171,1.64
bfd_p-d65,2170,2144,2.49
bfd_p-d65,2137,2180,3.43
bfd_p-d65,2177,2168,2.04
bfd_p-d65,1131,1183,0.98
bfd_p-d65,1181,1103,1.16
bfd_p-d65,1122,1127,1.66
bfd_p-d65,1211,1100,1.78
bfd_p-d65,1130,1099,0.82
bfd_p-d65,37,49,2.0
bfd_p-d65,51,58,1.42
bfd_p-d65,37,56,1.65
bfd_p-d65,47,50,1.67
bfd_p-d65,52,45,1.44
bfd_p-d65,43,33,1.84
bfd_p-d65,32,41,2.02
bfd_p-d65,497,491,1.32
bfd_p-d65,492,462,1.12
bfd_p-d65,506,481,1.0
bfd_p-d65,463,505,1.22
bfd_p-d65,494,489,2.08
bfd_p-d65,457,504,1.28
bfd_p-d65,457,511,1.91
bfd_p-d65,2242,2172,3.4
bfd_p-d65,2206,2181,2.8
bfd_p-d65,2206,2202,2.5
bfd_p-d65,2206,2195,4.03
bfd_p-d65,1011,912,3.1
bfd_p-d65,1011,989,2.23
bfd_p-d65,1048,1105,2.59
bfd_p-d65,1048,1033,3.29
bfd_p-d65,694,688,2.16
bfd_p-d65,731,765,1.89
bfd_p-d65,700,723,1.67
bfd_p-d65,700,743,2.95
bfd_p-d65,2152,2186,2.32
bfd_p-d65,2091,2092,2.17
bfd_p-d65,1938,1996,3.9
bfd_p-d65,1938,2056,2.02
bfd_p-d65,1558,1553,1.48
bfd_p-d65,1552,1588,3.05
bfd_p-d65,1587,1559,3.84
bfd_p-d65,1709,1627,0.87
bfd_p-d65,1727,1778,2.1
bfd_p-d65,1694,1763,2.34
bfd_p-d65,833,1002,2.3
bfd_p-d65,817,823,1.95
bfd_p-d65,817,825,2.11
bfd_p-d65,104,90,1.64
bfd_p-d65,89,85,1.52
bfd_p-d65,104,84,2.19
bfd_p-d65,1159,1128,1.89
bfd_p-d65,1129,1126,1.86
bfd_p-d65,1125,1118,1.93
bfd_p-d65,891,900,1.84
bfd_p-d65,899,1055,2.04
bfd_p-d65,1056,893,2.68
bfd_p-d65,2052,1926,1.67
bfd_p-d65,1924,1945,1.85
bfd_p-d65,1944,2050,2.85
bfd_p-d65,1245,1383,1.92
bfd_p-d65,1382,1269,1.82
bfd_p-d65,1328,1348,2.33
bfd_p-d65,827,903,2.45
bfd_p-d65,904,1000,3.09
bfd_p-d65,827,999,2.22
bfd_p-d65,414,447,2.15
bfd_p-d65,445,407,1.56
bfd_p-d65,445,429,2.05
bfd_p-d65,298,312,0.97
bfd_p-d65,311,293,1.59
bfd_p-d65,298,294,1.05
bfd_p-d65,495,475,1.83
bfd_p-d65,495,486,1.17
bfd_p-d65,479,487,2.17
bfd_p-d65,745,798,3.59
bfd_p-d65,797,783,2.05
bfd_p-d65,764,813,2.39
bfd_p-d65,1341,1327,2.01
bfd_p-d65,1341,1374,2.58
bfd_p-d65,1335,1400,1.77
bfd_p-d65,86,83,3.26
bfd_p-d65,86,94,2.25
bfd_p-d65,75,93,3.1
bfd_p-d65,652,650,0.88
bfd_p-d65,652,690,1.17
bfd_p-d65,582,641,1.78
bfd_p-d65,2150,2146,1.14
bfd_p-d65,2163,2131,3.13
bfd_p-d65,2163,2145,2.08
bfd_p-d65,1425,1402,2.01
bfd_p-d65,1403,1446,2.98
bfd_p-d65,1425,1445,3.53
bfd_p-d65,1337,1394,2.74
bfd_p-d65,1395,1379,2.5
bfd_p-d65,1337,1378,3.1
bfd_p-d65,1570,1569,2.94
bfd_p-d65,1568,1607,3.44
bfd_p-d65,1570,1608,4.0
bfd_p-d65,1482,1436,3.57
bfd_p-d65,1435,1416,1.87
bfd_p-d65,1482,1415,4.82
bfd_p-d65,1965,1906,2.61
bfd_p-d65,1907,1904,1.04
bfd_p-d65,1965,1903,3.09
bfd_p-d65,161,116,1.18
bfd_p-d65,115,121,1.38
bfd_p-d65,161,122,1.7
bfd_p-d65,63,73,2.54
bfd_p-d65,74,78,2.26
bfd_p-d65,63,76,3.79
bfd_p-d65,588,662,2.39
bfd_p-d65,661,574,2.23
bfd_p-d65,573,548,1.56
bfd_p-d65,546,575,1.84
bfd_p-d65,546,557,2.21
bfd_p-d65,556,534,1.81
bfd_p-d65,2034,2017,3.19
bfd_p-d65,2018,1920,4.06
bfd_p-d65,2023,1939,4.15
bfd_p-d65,291,295,1.87
bfd_p-d65,296,288,1.51
bfd_p-d65,287,269,1.54
bfd_p-d65,2494,2500,3.6
bfd_p-d65,2494,2489,3.26
bfd_p-d65,2494,2501,3.85
bfd_p-d65,2362,2365,1.54
bfd_p-d65,2364,2361,4.59
bfd_p-d65,2362,2360,4.7
bfd_p-d65,2288,2284,5.33
bfd_p-d65,2288,2260,5.5
bfd_p-d65,2259,2269,5.3
bfd_p-d65,1256,1296,3.04
bfd_p-d65,1209,1246,2.7
bfd_p-d65,1154,1292,3.63
bfd_p-d65,1714,1711,4.25
bfd_p-d65,1708,1753,3.17
bfd_p-d65,1714,1752,2.92
bfd_p-d65,1686,1667,3.32
bfd_p-d65,1686,1718,3.96
bfd_p-d65,1638,1665,3.42
bfd_p-d65,792,801,2.83
bfd_p-d65,800,747,3.49
bfd_p-d65,792,746,4.17
bfd_p-d65,54,30,1.84
bfd_p-d65,31,26,4.26
bfd_p-d65,39,57,1.39
bfd_p-d65,2421,2428,2.26
bfd_p-d65,2427,2424,1.38
bfd_p-d65,2426,2450,1.63
bfd_p-d65,2323,2324,3.45
bfd_p-d65,2325,2327,2.69
bfd_p-d65,2323,2328,4.74
bfd_p-d65,2067,2113,2.64
bfd_p-d65,2067,2022,2.83
bfd_p-d65,2055,2066,3.17
bfd_p-d65,2055,2098,2.77
bfd_p-d65,1734,1715,3.53
bfd_p-d65,1735,1700,3.27
bfd_p-d65,1734,1701,2.71
bfd_p-d65,1114,1111,1.2
bfd_p-d65,1112,1168,3.48
bfd_p-d65,1169,1109,3.73
bfd_p-d65,1107,1108,2.23
bfd_p-d65,1107,1121,2.09
bfd_p-d65,327,399,2.61
bfd_p-d65,398,338,2.02
bfd_p-d65,339,332,1.12
bfd_p-d65,402,391,1.56
bfd_p-d65,334,392,2.19
bfd_p-d65,1910,1979,4.12
bfd_p-d65,1978,2013,4.12
bfd_p-d65,2010,1941,2.76
bfd_p-d65,1516,1505,3.22
bfd_p-d65,1504,1484,4.0
bfd_p-d65,1516,1483,4.21
bfd_p-d65,1577,1550,3.09
bfd_p-d65,1549,1589,5.05
bfd_p-d65,1577,1590,3.33
bfd_p-d65,1120,1089,3.23
bfd_p-d65,1088,1138,3.36
bfd_p-d65,1120,1137,3.61
bfd_p-d65,458,451,2.32
bfd_p-d65,450,453,2.39
bfd_p-d65,452,474,1.81
bfd_p-d65,27,24,1.76
bfd_p-d65,25,23,2.25
bfd_p-d65,27,22,1.85
bfd_p-d65,2147,2160,2.68
bfd_p-d65,2159,2189,2.25
bfd_p-d65,2147,2188,3.4
bfd_p-d65,1237,1392,3.19
bfd_p-d65,1391,1318,2.26
bfd_p-d65,1237,1317,2.2
bfd_p-d65,128,151,2.64
bfd_p-d65,150,147,1.68
bfd_p-d65,128,148,2.86
bfd_p-d65,2326,2320,5.44
bfd_p-d65,2321,2318,2.14
bfd_p-d65,2326,2319,6.34
bfd_p-d65,1843,1874,3.01
bfd_p-d65,1875,1849,2.99
bfd_p-d65,1843,1850,3.33
bfd_p-d65,826,834,2.51
bfd_p-d65,832,849,5.27
bfd_p-d65,826,848,3.93
bfd_p-d65,211,206,2.16
bfd_p-d65,205,204,2.89
bfd_p-d65,211,203,4.46
bfd_p-d65,1455,1457,1.75
bfd_p-d65,1474,1476,1.88
bfd_p-d65,1486,1480,2.36
bfd_p-d65,1486,1463,2.64
bfd_p-d65,1481,1470,2.5
bfd_p-d65,1424,1426,2.18
bfd_p-d65,1408,1350,2.51
bfd_p-d65,1315,1261,3.08
bfd_p-d65,1226,1206,2.61
bfd_p-d65,1226,1204,3.03
bfd_p-d65,1104,1094,2.78
bfd_p-d65,852,795,2.49
bfd_p-d65,735,748,2.53
bfd_p-d65,687,698,2.15
bfd_p-d65,701,686,2.32
bfd_p-d65,679,693,1.93
bfd_p-d65,672,695,2.7
bfd_p-d65,715,716,1.53
bfd_p-d65,741,790,1.85
bfd_p-d65,890,1028,1.93
bfd_p-d65,1086,1132,2.11
bfd_p-d65,1119,1149,2.36
bfd_p-d65,1221,1281,2.15
bfd_p-d65,1280,1357,2.34
bfd_p-d65,1387,1412,2.41
bfd_p-d65,1432,1447,2.09
bfd_p-d65,1422,1444,2.58
bfd_p-d65,1439,1459,1.8
bfd_p-d65,1439,1454,2.29
bfd_p-d65,1161,1182,1.72
bfd_p-d65,1202,1231,2.17
bfd_p-d65,1560,1593,2.06
bfd_p-d65,1527,1490,1.47
bfd_p-d65,2258,2252,1.67
bfd_p-d65,2278,2253,2.34
bfd_p-d65,2093,2047,2.13
bfd_p-d65,2120,2049,3.2
bfd_p-d65,2134,2048,2.65
bfd_p-d65,1496,1477,2.3
bfd_p-d65,628,595,1.63
bfd_p-d65,515,485,1.78
bfd_p-d65,443,439,1.63
bfd_p-d65,472,467,1.92
bfd_p-d65,619,636,1.56
bfd_p-d65,233,245,1.42
bfd_p-d65,233,238,1.95
bfd_p-d65,289,297,1.25
bfd_p-d65,318,330,1.41
bfd_p-d65,406,444,1.87
bfd_p-d65,684,706,3.02
bfd_p-d65,755,812,1.69
bfd_p-d65,1215,1241,1.95
bfd_p-d65,1143,1167,1.1
bfd_p-d65,1143,1217,1.89
bfd_p-d65,707,710,2.69
bfd_p-d65,1893,1880,2.62
bfd_p-d65,1597,1592,2.12
bfd_p-d65,1525,1489,1.97
bfd_p-d65,2271,2250,2.75
bfd_p-d65,629,600,1.67
bfd_p-d65,210,213,1.91
bfd_p-d65,210,212,3.57
bfd_p-d65,350,328,1.88
bfd_p-d65,237,246,1.61
bfd_p-d65,290,299,1.44
bfd_p-d65,319,329,1.71
bfd_p-d65,683,705,3.66
bfd_p-d65,240,277,2.87
bfd_p-d65,240,258,3.22
bfd_p-d65,516,502,2.5
bfd_p-d65,516,528,2.14
bfd_p-d65,322,320,2.24
bfd_p-d65,794,915,4.16
bfd_p-d65,1042,1092,4.93
bfd_p-d65,1124,1133,5.05
bfd_p-d65,303,301,2.56
bfd_p-d65,300,310,3.78
bfd_p-d65,333,415,4.09
bfd_p-d65,1620,1677,1.9
bfd_p-d65,1620,1632,3.04
bfd_p-d65,1620,1640,3.37
bfd_p-d65,1620,1613,2.77
bfd_p-d65,1620,1758,3.48
bfd_p-d65,1620,1602,3.03
bfd_p-d65,1620,1576,3.99
bfd_p-d65,1620,1609,2.61
bfd_p-d65,1620,1612,3.83
bfd_p-d65,1620,1562,4.28
bfd_p-d65,1620,1611,4.6
bfd_p-d65,1620,1783,4.35
bfd_p-d65,1620,1566,2.91
bfd_p-d65,1620,1591,3.63
bfd_p-d65,1620,1697,3.36
bfd_p-d65,1620,1717,3.18
bfd_p-d65,1620,1784,3.13
bfd_p-d65,1620,1707,2.4
bfd_p-d65,2257,2291,3.79
bfd_p-d65,2257,2287,4.77
bfd_p-d65,2257,2280,4.25
bfd_p-d65,2257,2262,3.26
bfd_p-d65,2257,2255,2.94
bfd_p-d65,2257,2285,2.7
bfd_p-d65,2257,2270,2.34
bfd_p-d65,2257,2275,2.71
bfd_p-d65,2257,2236,2.63
bfd_p-d65,2257,2234,3.58
bfd_p-d65,2257,2292,4.19
bfd_p-d65,2257,2295,3.67
bfd_p-d65,2257,2226,3.75
bfd_p-d65,2257,2276,3.99
bfd_p-d65,2257,2221,3.66
bfd_p-d65,2257,2228,3.75
bfd_p-d65,2257,2290,4.68
bfd_p-d65,2136,2173,4.26087
bfd_p-d65,2136,2129,0.84058
bfd_p-d65,2136,2128,2.89855
bfd_p-d65,2136,2122,1.21739
bfd_p-d65,2136,2133,1.91304
bfd_p-d65,2136,2141,3.15942
bfd_p-d65,2136,2157,0.898551
bfd_p-d65,2136,2115,2.69565
bfd_p-d65,2136,2118,1.91304
bfd_p-d65,2136,2099,3.18841
bfd_p-d65,2136,2151,1.7971
bfd_p-d65,2136,2107,2.37681
bfd_p-d65,2136,2127,1.30435
bfd_p-d65,2136,2142,1.33333
bfd_p-d65,2224,2245,3.53075
bfd_p-d65,2224,2205,1.5262
bfd_p-d65,2224,2219,0.592255
bfd_p-d65,2224,2254,2.18679
bfd_p-d65,2224,2243,2.36902
bfd_p-d65,2224,2222,1.23007
bfd_p-d65,2224,2232,2.2779
bfd_p-d65,2224,2210,1.27563
bfd_p-d65,2224,2205,2.96128
bfd_p-d65,2224,2235,1.68565
bfd_p-d65,2224,2214,2.2779
bfd_p-d65,2224,2244,1.50342
bfd_p-d65,2224,2220,1.93622
bfd_p-d65,2224,2207,1.82232
bfd_p-d65,918,985,2.52157
bfd_p-d65,918,1044,0.594439
bfd_p-d65,918,914,1.15053
bfd_p-d65,918,864,1.57239
bfd_p-d65,918,1022,0.642378
bfd_p-d65,918,1064,0.958773
bfd_p-d65,918,862,0.699904
bfd_p-d65,918,968,0.488974
bfd_p-d65,918,799,1.17929
bfd_p-d65,918,1014,1.79291
bfd_p-d65,918,946,1.43816
bfd_p-d65,918,1023,0.958773
bfd_p-d65,918,957,0.805369
bfd_p-d65,918,1035,1.61074
bfd_p-d65,718,740,0.899281
bfd_p-d65,718,732,1.11511
bfd_p-d65,718,727,0.707434
bfd_p-d65,718,729,1.05516
bfd_p-d65,718,709,1.31894
bfd_p-d65,718,720,0.683453
bfd_p-d65,718,742,1.91847
bfd_p-d65,718,703,1.1271
bfd_p-d65,718,714,1.7506
bfd_p-d65,718,697,2.63789
bfd_p-d65,718,809,1.4988
bfd_p-d65,718,719,1.19904
bfd_p-d65,718,760,1.64269
bfd_p-d65,718,734,1.13909
bfd_p-d65,2000,1985,2.10309
bfd_p-d65,2000,2032,2.06186
bfd_p-d65,2000,2015,3.50515
bfd_p-d65,2000,1966,1.62887
bfd_p-d65,2000,2070,4.8866
bfd_p-d65,2000,1952,2.28866
bfd_p-d65,2000,2073,3.36082
bfd_p-d65,2000,1911,3.48454
bfd_p-d65,2000,1999,1.95876
bfd_p-d65,2000,2020,1.54639
bfd_p-d65,2000,1982,1.60825
bfd_p-d65,2000,1962,3.52577
bfd_p-d65,2000,1973,1.89691
bfd_p-d65,2000,2024,1.6701
bfd_p-d65,2000,1988,1.01031
bfd_p-d65,2000,1935,2.06186
bfd_p-d65,2000,1943,2.2268
bfd_p-d65,2000,1953,1.38144
bfd_p-d65,2000,1957,2.76289
bfd_p-d65,1203,1180,2.8
bfd_p-d65,1203,1193,1.83636
bfd_p-d65,1203,1162,2.16364
bfd_p-d65,1203,1310,1.63636
bfd_p-d65,1203,1240,1.54545
bfd_p-d65,1203,1230,2.90909
bfd_p-d65,1203,1155,2.45455
bfd_p-d65,1203,1244,0.963636
bfd_p-d65,1203,1243,1.63636
bfd_p-d65,1203,1309,2.27273
bfd_p-d65,1203,1308,3.0
bfd_p-d65,1203,1228,1.45455
bfd_p-d65,1203,1300,2.36364
bfd_p-d65,1203,1207,1.81818
bfd_p-d65,590,607,1.35685
bfd_p-d65,590,606,1.35685
bfd_p-d65,590,596,0.949796
bfd_p-d65,590,580,1.64179
bfd_p-d65,590,586,1.49254
bfd_p-d65,590,611,1.66893
bfd_p-d65,590,659,1.89959
bfd_p-d65,590,551,1.83175
bfd_p-d65,590,571,1.12619
bfd_p-d65,590,576,1.27544
bfd_p-d65,590,647,1.56038
bfd_p-d65,590,594,2.34735
bfd_p-d65,590,642,1.89959
bfd_p-d65,590,622,1.35685
bfd_p-d65,2140,2155,1.00534
bfd_p-d65,2140,2165,0.596085
bfd_p-d65,2140,2121,1.45018
bfd_p-d65,2140,2169,1.56584
bfd_p-d65,2140,2096,0.836299
bfd_p-d65,2140,2167,1.97509
bfd_p-d65,2140,2263,2.38434
bfd_p-d65,2140,2108,1.75267
bfd_p-d65,2140,2264,1.77936
bfd_p-d65,2140,2166,0.569395
bfd_p-d65,2140,2158,1.61032
bfd_p-d65,2140,2246,1.74377
bfd_p-d65,2140,2102,1.77936
bfd_p-d65,2140,2064,2.09075
bfd_p-d65,2140,2247,1.9395
bfd_p-d65,2140,2185,1.36121
bfd_p-d65,2140,2178,2.34875
bfd_p-d65,2140,2261,1.90391
bfd_p-d65,2140,1927,3.10498
bfd_p-d65,2140,2240,1.98399
bfd_p-d65,2140,2256,3.20285
bfd_p-d65,2140,2272,3.16726
bfd_p-d65,2140,2238,2.41103
bfd_p-d65,2140,2097,1.70819
bfd_p-d65,2140,2125,0.898577
bfd_p-d65,2140,2126,1.76157
bfd_p-d65,2140,2116,1.97509
bfd_p-d65,2140,2138,0.462633
bfd_p-d65,2225,2203,0.220327
bfd_p-d65,2225,2201,1.74129
bfd_p-d65,2225,2197,0.618337
bfd_p-d65,2225,2194,1.46411
bfd_p-d65,2225,2216,0.817342
bfd_p-d65,2225,2183,2.48045
bfd_p-d65,2225,2239,1.59915
bfd_p-d65,2225,2193,0.312722
bfd_p-d65,2225,2218,0.767591
bfd_p-d65,2225,2241,1.44989
bfd_p-d65,2225,2112,3.12011
bfd_p-d65,2225,2209,1.22246
bfd_p-d65,2225,2213,0.319829
bfd_p-d65,2225,2212,0.938166
bfd_p-d65,2225,2229,1.43568
bfd_p-d65,2225,2200,1.22246
bfd_p-d65,2225,2211,1.70576
bfd_p-d65,2225,2204,1.24378
bfd_p-d65,2225,2215,2.32409
bfd_p-d65,2225,2237,1.1656
bfd_p-d65,2225,2191,1.29353
bfd_p-d65,2225,2190,0.533049
bfd_p-d65,2225,2161,1.9403
bfd_p-d65,2225,2196,1.60625
bfd_p-d65,2225,2227,0.8742
bfd_p-d65,2225,2179,2.3312
bfd_p-d65,2225,2154,3.95167
bfd_p-d65,2225,2223,2.26724
bfd_p-d65,2225,2198,0.696517
bfd_p-d65,1013,1029,0.340557
bfd_p-d65,1013,1065,1.08359
bfd_p-d65,1013,1041,0.283798
bfd_p-d65,1013,869,0.629515
bfd_p-d65,1013,1038,0.985552
bfd_p-d65,1013,1012,1.30031
bfd_p-d65,1013,1025,0.288958
bfd_p-d65,1013,855,1.44995
bfd_p-d65,1013,927,1.00103
bfd_p-d65,1013,1036,1.59443
bfd_p-d65,1013,1016,0.330237
bfd_p-d65,1013,1047,0.835913
bfd_p-d65,1013,1009,0.283798
bfd_p-d65,1013,1060,1.56863
bfd_p-d65,1013,1043,1.32095
bfd_p-d65,1013,1031,0.995872
bfd_p-d65,1013,951,0.381837
bfd_p-d65,1013,1017,0.639835
bfd_p-d65,1013,877,1.46543
bfd_p-d65,1013,1034,0.541796
bfd_p-d65,1013,873,0.892673
bfd_p-d65,1013,1053,1.45511
bfd_p-d65,1013,1052,0.443756
bfd_p-d65,1013,1006,0.185759
bfd_p-d65,1013,1027,0.562436
bfd_p-d65,1013,1050,0.624355
bfd_p-d65,1013,1008,0.567595
bfd_p-d65,1013,1051,0.794634
bfd_p-d65,708,804,1.95985
bfd_p-d65,708,736,2.17973
bfd_p-d65,708,861,3.34608
bfd_p-d65,708,894,1.47228
bfd_p-d65,708,806,0.917782
bfd_p-d65,708,830,2.81071
bfd_p-d65,708,761,1.08031
bfd_p-d65,708,814,2.31358
bfd_p-d65,708,784,2.11281
bfd_p-d65,708,753,2.12237
bfd_p-d65,708,769,1.28107
bfd_p-d65,708,779,1.33843
bfd_p-d65,708,815,1.64436
bfd_p-d65,708,897,1.35755
bfd_p-d65,708,733,1.31931
bfd_p-d65,708,805,0.8413
bfd_p-d65,708,763,1.20459
bfd_p-d65,708,770,0.965583
bfd_p-d65,708,774,0.975143
bfd_p-d65,708,857,3.09751
bfd_p-d65,708,932,1.88337
bfd_p-d65,708,854,3.24092
bfd_p-d65,708,808,2.55258
bfd_p-d65,708,717,2.3327
bfd_p-d65,708,722,2.32314
bfd_p-d65,708,853,3.01147
bfd_p-d65,708,846,2.78203
bfd_p-d65,708,837,1.56788
bfd_p-d65,708,828,1.52008
bfd_p-d65,2039,2031,0.427529
bfd_p-d65,2039,2071,0.745568
bfd_p-d65,2039,2051,1.73097
bfd_p-d65,2039,2082,1.80918
bfd_p-d65,2039,2030,0.948905
bfd_p-d65,2039,2054,0.469239
bfd_p-d65,2039,2083,1.38686
bfd_p-d65,2039,1969,1.73618
bfd_p-d65,2039,2087,0.990615
bfd_p-d65,2039,2060,0.943691
bfd_p-d65,2039,2009,1.45985
bfd_p-d65,2039,2019,0.907195
bfd_p-d65,2039,2038,0.203337
bfd_p-d65,2039,1963,1.73097
bfd_p-d65,2039,2042,0.573514
bfd_p-d65,2039,2059,0.255474
bfd_p-d65,2039,2033,0.636079
bfd_p-d65,2039,1948,2.14807
bfd_p-d65,2039,2014,0.980188
bfd_p-d65,2039,2057,0.281543
bfd_p-d65,2039,1984,1.61627
bfd_p-d65,2039,2043,0.604797
bfd_p-d65,2039,2025,0.834202
bfd_p-d65,2039,1987,1.45985
bfd_p-d65,2039,2081,1.08446
bfd_p-d65,2039,2080,2.03858
bfd_p-d65,2039,2111,1.73097
bfd_p-d65,2039,2062,0.943691
bfd_p-d65,2039,2045,0.427529
bfd_p-d65,1223,1247,2.51111
bfd_p-d65,1223,1214,2.51111
bfd_p-d65,1223,1165,3.38519
bfd_p-d65,1223,1172,0.977778
bfd_p-d65,1223,1177,0.325926
bfd_p-d65,1223,1147,1.91852
bfd_p-d65,1223,1208,3.17778
bfd_p-d65,1223,1276,3.7037
bfd_p-d65,1223,1216,3.18519
bfd_p-d65,1223,1236,1.7037
bfd_p-d65,1223,1233,3.0963
bfd_p-d65,1223,1284,1.06667
bfd_p-d65,1223,1117,2.96296
bfd_p-d65,1223,1163,0.888889
bfd_p-d65,1223,1205,0.274074
bfd_p-d65,1223,1270,2.88148
bfd_p-d65,1223,1218,3.28889
bfd_p-d65,1223,1213,1.6963
bfd_p-d65,1223,1224,1.60741
bfd_p-d65,1223,1153,3.4
bfd_p-d65,1223,1190,2.04444
bfd_p-d65,1223,1189,3.8963
bfd_p-d65,1223,1178,2.8
bfd_p-d65,1223,1227,1.81481
bfd_p-d65,1223,1140,1.25926
bfd_p-d65,1223,1277,1.47407
bfd_p-d65,1223,1157,2.72593
bfd_p-d65,1651,1644,2.07626
bfd_p-d65,1651,1642,2.03748
bfd_p-d65,1651,1645,1.14551
bfd_p-d65,1651,1634,1.8217
bfd_p-d65,1651,1648,1.77933
bfd_p-d65,1651,1678,1.8217
bfd_p-d65,1651,1659,1.75789
bfd_p-d65,1651,1658,1.86341
bfd_p-d65,1651,1660,1.77933
bfd_p-d65,1651,1689,1.72176
bfd_p-d65,1651,1693,2.49783
bfd_p-d65,1651,1692,2.07626
bfd_p-d65,1651,1664,1.64045
bfd_p-d65,1651,1653,2.07626
bfd_p-d65,1651,1655,1.84263
bfd_p-d65,1651,1672,2.05693
bfd_p-d65,1651,1690,1.99162
bfd_p-d65,1651,1663,2.01137
bfd_p-d65,1651,1654,1.67774
bfd_p-d65,1651,1657,2.03748
bfd_p-d65,1651,1643,1.34424
bfd_p-d65,1651,1652,1.89089
bfd_p-d65,1651,1846,1.64045
bfd_p-d65,1651,1885,2.17113
bfd_p-d65,1651,1868,2.22064
bfd_p-d65,1651,1844,2.01137
bfd_p-d65,1651,1824,2.20215
bfd_p-d65,1651,1842,1.99162
bfd_p-d65,1651,1837,2.58759
bfd_p-d65,1651,1828,2.03748
bfd_p-d65,1651,1739,1.72176
bfd_p-d65,1651,1713,2.09546
bfd_p-d65,1651,1661,1.03705
bfd_p-d65,1651,1668,1.55636
bfd_p-d65,1651,1635,1.2294
bfd_p-d65,1651,1603,1.67774
bfd_p-d65,1651,1596,1.75789
bfd_p-d65,1651,1530,2.20215
bfd_p-d65,1651,1565,1.64045
bfd_p-d65,1651,1509,2.51482
bfd_p-d65,1651,1494,1.97175
bfd_p-d65,1651,1524,1.93161
bfd_p-d65,1651,1473,2.15239
bfd_p-d65,1651,1573,1.52502
bfd_p-d65,1651,1475,2.01137
bfd_p-d65,1651,1834,1.69985
bfd_p-d65,1651,1853,1.89089
bfd_p-d65,1651,1867,1.99162
bfd_p-d65,1651,1818,1.75789
bfd_p-d65,1651,1836,1.84263
bfd_p-d65,1651,1832,1.8217
bfd_p-d65,1651,1757,1.17392
bfd_p-d65,1651,1831,2.03748
bfd_p-d65,1651,1767,1.64045
bfd_p-d65,1651,1702,1.14551
bfd_p-d65,1651,1706,1.99162
bfd_p-d65,1651,1650,2.01137
bfd_p-d65,1651,1626,1.69985
bfd_p-d65,1651,1604,2.07626
bfd_p-d65,1651,1610,1.27438
bfd_p-d65,1651,1581,1.75789
bfd_p-d65,1651,1533,2.09546
bfd_p-d65,1651,1536,2.01137
bfd_p-d65,1651,1501,2.09546
bfd_p-d65,1651,1521,2.07626
bfd_p-d65,1651,1551,1.55636
bfd_p-d65,1651,1497,2.07626
bfd_p-d65,1651,1492,1.93161
bfd_p-d65,1302,1340,1.241
bfd_p-d65,1302,1372,1.86844
bfd_p-d65,1302,1359,1.59683
bfd_p-d65,1302,1352,1.11241
bfd_p-d65,1302,1384,1.67256
bfd_p-d65,1302,1385,1.83677
bfd_p-d65,1302,1366,1.14763
bfd_p-d65,1302,1397,2.33995
bfd_p-d65,1302,1360,1.38446
bfd_p-d65,1302,1373,2.20169
bfd_p-d65,1302,1332,1.36126
bfd_p-d65,1302,1368,1.77882
bfd_p-d65,1302,1330,1.31404
bfd_p-d65,1302,1326,1.25748
bfd_p-d65,1302,1339,1.94303
bfd_p-d65,1302,1349,1.25748
bfd_p-d65,1302,1343,2.00376
bfd_p-d65,1302,1304,1.14763
bfd_p-d65,1302,1293,2.72078
bfd_p-d65,1302,1285,1.25748
bfd_p-d65,1302,1266,0.903218
bfd_p-d65,1302,1210,1.97962
bfd_p-d65,1302,1238,0.933556
bfd_p-d65,1302,1212,1.86844
bfd_p-d65,1302,1448,1.241
bfd_p-d65,1302,1411,0.882611
bfd_p-d65,1302,1465,1.70624
bfd_p-d65,1302,1466,2.09263
bfd_p-d65,1302,1418,0.892955
bfd_p-d65,1302,1462,2.02174
bfd_p-d65,1302,1413,1.28192
bfd_p-d65,1302,1430,1.93073
bfd_p-d65,1302,1399,1.20761
bfd_p-d65,1302,1396,1.90597
bfd_p-d65,1302,1301,1.10349
bfd_p-d65,1302,1170,1.84949
bfd_p-d65,1302,1179,1.19068
bfd_p-d65,1302,1098,2.13323
bfd_p-d65,1302,1176,1.3299
bfd_p-d65,1302,1082,1.63154
bfd_p-d65,1302,1151,1.0489
bfd_p-d65,1302,1069,1.61772
bfd_p-d65,1302,1405,1.241
bfd_p-d65,1302,1467,1.83677
bfd_p-d65,1302,1458,1.46743
bfd_p-d65,1302,1428,1.48951
bfd_p-d65,1302,1472,2.27981
bfd_p-d65,1302,1421,1.19068
bfd_p-d65,1302,1427,1.72624
bfd_p-d65,1302,1437,2.43621
bfd_p-d65,1302,1398,1.31404
bfd_p-d65,1302,1336,1.79828
bfd_p-d65,1302,1282,1.43763
bfd_p-d65,1302,1199,2.1101
bfd_p-d65,1302,1188,1.69283
bfd_p-d65,1302,1090,1.90597
bfd_p-d65,1302,1136,1.25748
bfd_p-d65,1302,1054,2.03366
bfd_p-d65,1302,1135,0.973011
bfd_p-d65,2423,2418,1.69703
bfd_p-d65,2423,2429,1.29673
bfd_p-d65,2423,2417,1.50579
bfd_p-d65,2423,2432,1.39169
bfd_p-d65,2423,2433,1.25534
bfd_p-d65,2423,2434,1.14205
bfd_p-d65,2423,2440,1.29673
bfd_p-d65,2423,2439,1.09689
bfd_p-d65,2423,2441,1.2343
bfd_p-d65,2423,2448,1.28131
bfd_p-d65,2423,2444,1.29673
bfd_p-d65,2423,2437,1.29673
bfd_p-d65,2423,2443,1.45897
bfd_p-d65,2423,2447,1.64515
bfd_p-d65,2423,2438,1.34227
bfd_p-d65,2423,2435,1.14205
bfd_p-d65,2423,2436,1.48719
bfd_p-d65,2423,2430,1.3171
bfd_p-d65,2423,2416,1.29673
bfd_p-d65,2423,2431,1.14205
bfd_p-d65,2423,2425,1.06219
bfd_p-d65,2423,2414,1.47312
bfd_p-d65,2423,2470,1.51965
bfd_p-d65,2423,2463,1.35722
bfd_p-d65,2423,2469,1.35722
bfd_p-d65,2423,2461,1.37699
bfd_p-d65,2423,2471,1.59664
bfd_p-d65,2423,2462,1.37699
bfd_p-d65,2423,2464,1.70983
bfd_p-d65,2423,2456,1.34227
bfd_p-d65,2423,2465,1.47312
bfd_p-d65,2423,2453,0.971898
bfd_p-d65,2423,2452,1.47312
bfd_p-d65,2423,2451,1.16969
bfd_p-d65,2423,2446,1.09689
bfd_p-d65,2423,2406,1.3171
bfd_p-d65,2423,2397,1.09689
bfd_p-d65,2423,2358,1.15869
bfd_p-d65,2423,2356,1.02671
bfd_p-d65,2423,2347,1.25534
bfd_p-d65,2423,2332,1.43997
bfd_p-d65,2423,2344,1.21836
bfd_p-d65,2423,2473,1.33224
bfd_p-d65,2423,2457,1.12526
bfd_p-d65,2423,2466,1.29673
bfd_p-d65,2423,2455,1.00259
bfd_p-d65,2423,2454,1.12526
bfd_p-d65,2423,2449,1.20766
bfd_p-d65,2423,2442,1.35722
bfd_p-d65,2423,2415,1.20766
bfd_p-d65,2423,2378,1.09689
bfd_p-d65,2423,2359,1.47312
bfd_p-d65,2423,2357,1.09689
bfd_p-d65,2423,2341,1.50579
bfd_p-d65,2423,2350,1.62763
bfd_p-d65,2423,2354,0.814336
bfd_p-d65,2423,2348,1.26056
bfd_p-d65,2423,2334,1.4256
bfd_p-d65,2423,2346,1.14205
bfd_p-d65,2423,2331,1.26056
bfd_p-d65,2423,2339,1.0854
bfd_p-d65,2423,2330,1.29673
bfd_p-d65,892,771,1.98619
bfd_p-d65,892,762,2.16695
bfd_p-d65,892,851,1.16451
bfd_p-d65,892,802,1.57389
bfd_p-d65,892,768,1.8998
bfd_p-d65,892,821,1.26062
bfd_p-d65,892,785,1.9162
bfd_p-d65,892,843,1.61088
bfd_p-d65,892,816,2.07529
bfd_p-d65,892,863,1.26062
bfd_p-d65,892,859,1.7186
bfd_p-d65,892,867,1.32438
bfd_p-d65,892,933,1.83885
bfd_p-d65,892,942,1.32438
bfd_p-d65,892,1001,2.07529
bfd_p-d65,892,993,1.34518
bfd_p-d65,892,1039,1.82201
bfd_p-d65,892,998,1.39291
bfd_p-d65,892,1061,1.8556
bfd_p-d65,892,1004,1.34518
bfd_p-d65,892,1164,2.43235
bfd_p-d65,892,1091,1.36577
bfd_p-d65,892,1196,2.22664
bfd_p-d65,892,1096,1.28922
bfd_p-d65,892,1191,2.19196
bfd_p-d65,892,1095,1.28922
bfd_p-d65,892,1156,2.2414
bfd_p-d65,892,1077,1.09475
bfd_p-d65,892,1102,2.26586
bfd_p-d65,892,1057,1.26062
bfd_p-d65,892,1070,2.19196
bfd_p-d65,892,981,1.01359
bfd_p-d65,892,962,2.05976
bfd_p-d65,892,886,1.32438
bfd_p-d65,892,818,1.8998
bfd_p-d65,892,822,1.26062
bfd_p-d65,892,737,2.46476
bfd_p-d65,892,767,1.11833
bfd_p-d65,892,692,2.46476
bfd_p-d65,892,754,1.1569
bfd_p-d65,892,676,2.65785
bfd_p-d65,892,1093,1.18715
bfd_p-d65,892,1174,2.19196
bfd_p-d65,892,1087,1.42634
bfd_p-d65,892,1134,2.01793
bfd_p-d65,892,1071,1.03838
bfd_p-d65,892,1078,1.75352
bfd_p-d65,892,1015,1.23888
bfd_p-d65,892,1020,1.51093
bfd_p-d65,892,919,1.32438
bfd_p-d65,892,847,2.05976
bfd_p-d65,892,844,1.41303
bfd_p-d65,892,778,1.87226
bfd_p-d65,892,803,1.18715
bfd_p-d65,892,721,2.44628
bfd_p-d65,892,756,1.34518
bfd_p-d65,892,704,2.39499
bfd_p-d65,892,744,1.42634
bfd_p-d65,892,699,2.48771
bfd_p-d65,892,682,2.54226
bfd_p-d65,892,750,1.18715
bfd_p-d65,408,401,1.16308
bfd_p-d65,408,388,1.30435
bfd_p-d65,408,400,1.23507
bfd_p-d65,408,410,1.23507
bfd_p-d65,408,413,1.19342
bfd_p-d65,408,418,1.37126
bfd_p-d65,408,409,1.07514
bfd_p-d65,408,430,1.26423
bfd_p-d65,408,411,1.29297
bfd_p-d65,408,424,1.27578
bfd_p-d65,408,426,1.20542
bfd_p-d65,408,427,1.22325
bfd_p-d65,408,420,1.20542
bfd_p-d65,408,431,1.14462
bfd_p-d65,408,437,1.45197
bfd_p-d65,408,422,1.22325
bfd_p-d65,408,435,1.36026
bfd_p-d65,408,432,1.19342
bfd_p-d65,408,441,1.22325
bfd_p-d65,408,425,1.02268
bfd_p-d65,408,416,1.12595
bfd_p-d65,408,483,1.49897
bfd_p-d65,408,305,1.19342
bfd_p-d65,408,484,1.39851
bfd_p-d65,408,490,1.40931
bfd_p-d65,408,482,1.34365
bfd_p-d65,408,480,1.4254
bfd_p-d65,408,473,1.40931
bfd_p-d65,408,454,1.38221
bfd_p-d65,408,433,1.34365
bfd_p-d65,408,403,1.18134
bfd_p-d65,408,360,1.25262
bfd_p-d65,408,335,1.52468
bfd_p-d65,408,323,1.22325
bfd_p-d65,408,314,1.22325
bfd_p-d65,408,304,1.37126
bfd_p-d65,408,306,1.47821
bfd_p-d65,408,478,1.27578
bfd_p-d65,408,466,1.04256
bfd_p-d65,408,456,0.890143
bfd_p-d65,408,419,0.751075
bfd_p-d65,408,325,0.726221
bfd_p-d65,408,324,0.911914
bfd_p-d65,408,321,0.96142
bfd_p-d65,408,434,1.22325
bfd_p-d65,408,449,1.4254
bfd_p-d65,408,461,1.44138
bfd_p-d65,408,470,1.39851
bfd_p-d65,408,477,1.30435
bfd_p-d65,408,488,1.36026
bfd_p-d65,408,476,1.23507
bfd_p-d65,408,464,1.22325
bfd_p-d65,408,455,1.31565
bfd_p-d65,408,440,1.47821
bfd_p-d65,408,428,1.12595
bfd_p-d65,408,405,1.27578
bfd_p-d65,408,390,1.19342
bfd_p-d65,408,423,0.860548
bfd_p-d65,408,436,0.940416
bfd_p-d65,408,468,1.08158
bfd_p-d65,408,459,0.911914
bfd_p-d65,408,471,1.3325
bfd_p-d65,408,446,0.479126
bfd_p-d65,408,438,0.982122
bfd_p-d65,408,412,1.3325
bfd_p-d65,408,386,1.34365
bfd_p-d65,408,367,1.12595
bfd_p-d65,1279,1148,1.35877
bfd_p-d65,1279,1471,1.82541
bfd_p-d65,1279,1264,1.0134
bfd_p-d65,1279,1364,0.560127
bfd_p-d65,1279,1409,0.983115
bfd_p-d65,1279,1200,0.560127
bfd_p-d65,1279,1171,1.45565
bfd_p-d65,1279,1286,0.479293
bfd_p-d65,1279,1356,1.17392
bfd_p-d65,1279,1175,1.35877
bfd_p-d65,1279,1242,1.39874
bfd_p-d65,1279,1333,0.719572
bfd_p-d65,1279,1144,1.00598
bfd_p-d65,1279,1185,1.35877
bfd_p-d65,1279,1010,1.68676
bfd_p-d65,1279,1361,0.764178
bfd_p-d65,1279,1258,0.272104
bfd_p-d65,1279,1321,1.05255
bfd_p-d65,1279,1417,1.1276
bfd_p-d65,1279,1346,0.534734
bfd_p-d65,1279,1150,1.45007
bfd_p-d65,1279,1249,0.619494
bfd_p-d65,1279,1456,1.68676
bfd_p-d65,1279,1329,1.51391
bfd_p-d65,1279,1316,0.272104
bfd_p-d65,1279,1229,1.47957
bfd_p-d65,1279,1338,0.399078
bfd_p-d65,1279,1423,1.68676
bfd_p-d65,1279,1085,1.82541
bfd_p-d65,1279,1110,1.55978
bfd_p-d65,1279,1192,0.849053
bfd_p-d65,1279,1380,0.866273
bfd_p-d65,1279,1344,0.580972
bfd_p-d65,1279,1365,0.874304
bfd_p-d65,1279,1158,1.68676
bfd_p-d65,1279,1076,1.68676
bfd_p-d65,1279,1342,1.17392
bfd_p-d65,1279,1113,1.47957
bfd_p-d65,1279,1160,0.874304
bfd_p-d65,1279,1142,1.03659
bfd_p-d65,1279,1325,1.51391
bfd_p-d65,1279,1271,1.47957
bfd_p-d65,1279,1146,1.00598
bfd_p-d65,1279,1079,1.68676
bfd_p-d65,1279,1322,0.444958
bfd_p-d65,1279,1194,1.42413
bfd_p-d65,1279,1420,1.39874
bfd_p-d65,1772,1732,0.487271
bfd_p-d65,1772,1789,0.133815
bfd_p-d65,1772,1743,0.322563
bfd_p-d65,1772,1796,0.80097
bfd_p-d65,1772,1773,0.123801
bfd_p-d65,1772,1761,0.474447
bfd_p-d65,1772,1748,0.29373
bfd_p-d65,1772,1805,0.752373
bfd_p-d65,1772,1809,0.45069
bfd_p-d65,1772,1781,0.752373
bfd_p-d65,1772,1786,0.133815
bfd_p-d65,1772,1745,0.288793
bfd_p-d65,1772,1771,0.217594
bfd_p-d65,1772,1799,0.500903
bfd_p-d65,1772,1810,0.558226
bfd_p-d65,1772,1746,0.883185
bfd_p-d65,1772,1814,0.883185
bfd_p-d65,1772,1806,0.474447
bfd_p-d65,1772,1779,0.548794
bfd_p-d65,1772,1749,0.241351
bfd_p-d65,1772,1795,0.568241
bfd_p-d65,1772,1804,0.883185
bfd_p-d65,1772,1817,0.500903
bfd_p-d65,1772,1820,0.690222
bfd_p-d65,1772,1777,0.176516
bfd_p-d65,1772,1788,0.690222
bfd_p-d65,1772,1751,0.428807
bfd_p-d65,1772,1760,0.217594
bfd_p-d65,1772,1764,0.143248
bfd_p-d65,1772,1722,0.80097
bfd_p-d65,1772,1770,0.41328
bfd_p-d65,1772,1815,0.590426
bfd_p-d65,1772,1765,0.331976
bfd_p-d65,1772,1800,0.568241
bfd_p-d65,1772,1803,0.45069
bfd_p-d65,1772,1802,0.383753
bfd_p-d65,1772,1756,0.152176
bfd_p-d65,1772,1754,0.160663
bfd_p-d65,1772,1797,0.752373
bfd_p-d65,1772,1768,0.631528
bfd_p-d65,1772,1808,0.445069
bfd_p-d65,1772,1759,0.346021
bfd_p-d65,1772,1794,0.45069
bfd_p-d65,1772,1766,0.717532
bfd_p-d65,1265,1234,0.61297
bfd_p-d65,1265,1257,0.450867
bfd_p-d65,1265,1288,0.427907
bfd_p-d65,1265,1287,0.21977
bfd_p-d65,1265,1283,0.182067
bfd_p-d65,1265,1235,0.486312
bfd_p-d65,1265,1267,0.182067
bfd_p-d65,1265,1305,0.352883
bfd_p-d65,1265,1253,0.260301
bfd_p-d65,1265,1239,0.32077
bfd_p-d65,1265,1324,0.61297
bfd_p-d65,1265,1262,0.187658
bfd_p-d65,1265,1274,0.224939
bfd_p-d65,1265,1312,0.394149
bfd_p-d65,1265,1260,0.146392
bfd_p-d65,1265,1259,0.347371
bfd_p-d65,1265,1306,0.358474
bfd_p-d65,1265,1255,0.187658
bfd_p-d65,1265,1290,0.592439
bfd_p-d65,1265,1314,0.435288
bfd_p-d65,1265,1313,0.435288
bfd_p-d65,1265,1320,0.413835
bfd_p-d65,1265,1252,0.240234
bfd_p-d65,1265,1268,0.450867
bfd_p-d65,1265,1248,0.315602
bfd_p-d65,1265,1323,0.666092
bfd_p-d65,1265,1250,0.331243
bfd_p-d65,1265,1275,0.21977
bfd_p-d65,1265,1299,0.280239
bfd_p-d65,1265,1289,0.158752
bfd_p-d65,1265,1254,0.245277
bfd_p-d65,1265,1347,0.842586
bfd_p-d65,1265,1319,0.507032
bfd_p-d65,1265,1307,0.2503
bfd_p-d65,1265,1251,0.413835
bfd_p-d65,1265,1273,0.280239
bfd_p-d65,1265,1298,0.336557
bfd_p-d65,1265,1291,0.290241
bfd_p-d65,1265,1263,0.19317
bfd_p-d65,1265,1278,0.364151
bfd_p-d65,1265,1303,0.413835
bfd_p-d65,1265,1272,0.518424
bfd_p-d65,1265,1295,0.347371
bfd_p-d65,1265,1294,0.176389
bfd_p-d65,2390,2380,0.432366
bfd_p-d65,2390,2388,0.317306
bfd_p-d65,2390,2402,0.233721
bfd_p-d65,2390,2407,0.114269
bfd_p-d65,2390,2411,0.114269
bfd_p-d65,2390,2404,0.299475
bfd_p-d65,2390,2409,0.179783
bfd_p-d65,2390,2386,0.225633
bfd_p-d65,2390,2391,0.176056
bfd_p-d65,2390,2379,0.49986
bfd_p-d65,2390,2394,0.432366
bfd_p-d65,2390,2372,0.114269
bfd_p-d65,2390,2405,0.12246
bfd_p-d65,2390,2395,0.157364
bfd_p-d65,2390,2396,0.213826
bfd_p-d65,2390,2400,0.183512
bfd_p-d65,2390,2413,0.1686
bfd_p-d65,2390,2383,0.221658
bfd_p-d65,2390,2422,0.293955
bfd_p-d65,2390,2401,0.370812
bfd_p-d65,2390,2399,0.110088
bfd_p-d65,2390,2408,0.12648
bfd_p-d65,2390,2389,0.12648
bfd_p-d65,2390,2376,0.110088
bfd_p-d65,2390,2393,0.153592
bfd_p-d65,2390,2412,0.130454
bfd_p-d65,2390,2398,0.187248
bfd_p-d65,2390,2370,0.221658
bfd_p-d65,2390,2420,0.176056
bfd_p-d65,2390,2384,0.206123
bfd_p-d65,2390,2366,0.27349
bfd_p-d65,2390,2403,0.604099
bfd_p-d65,2390,2373,0.12246
bfd_p-d65,2390,2382,0.190992
bfd_p-d65,2390,2371,0.149801
bfd_p-d65,2390,2368,0.353134
bfd_p-d65,2390,2392,0.278394
bfd_p-d65,2390,2374,0.345153
bfd_p-d65,2390,2367,0.233721
bfd_p-d65,2390,2369,0.187248
bfd_p-d65,2390,2387,0.28343
bfd_p-d65,2390,2419,0.299475
bfd_p-d65,2390,2410,0.538585
bfd_p-d65,2390,2381,0.259463
bfd_p-d65,2390,2377,0.246271
bfd_p-d65,2390,2375,0.380731
bfd_p-d65,2390,2385,0.130454
bfd_p-d65,944,880,0.298148
bfd_p-d65,944,956,0.225748
bfd_p-d65,944,885,0.211066
bfd_p-d65,944,1007,0.346816
bfd_p-d65,944,971,0.166806
bfd_p-d65,944,953,0.19642
bfd_p-d65,944,992,0.449269
bfd_p-d65,944,965,0.166806
bfd_p-d65,944,947,0.156717
bfd_p-d65,944,882,0.327533
bfd_p-d65,944,937,0.240572
bfd_p-d65,944,977,0.191528
bfd_p-d65,944,943,0.19642
bfd_p-d65,944,881,0.417813
bfd_p-d65,944,984,0.276382
bfd_p-d65,944,883,0.260759
bfd_p-d65,944,936,0.360601
bfd_p-d65,944,960,0.108568
bfd_p-d65,944,905,0.260759
bfd_p-d65,944,884,0.353604
bfd_p-d65,944,871,0.408495
bfd_p-d65,944,940,0.230668
bfd_p-d65,944,911,0.156717
bfd_p-d65,944,910,0.240572
bfd_p-d65,944,888,0.474254
bfd_p-d65,944,948,0.119785
bfd_p-d65,944,949,0.303803
bfd_p-d65,944,941,0.135989
bfd_p-d65,944,986,0.130661
bfd_p-d65,944,1030,0.408495
bfd_p-d65,944,930,0.34022
bfd_p-d65,944,865,0.391185
bfd_p-d65,944,967,0.321413
bfd_p-d65,944,916,0.146459
bfd_p-d65,944,959,0.333797
bfd_p-d65,944,950,0.166806
bfd_p-d65,944,963,0.114223
bfd_p-d65,944,934,0.346816
bfd_p-d65,944,982,0.161781
bfd_p-d65,944,887,0.488457
bfd_p-d65,944,961,0.108568
bfd_p-d65,944,876,0.346816
bfd_p-d65,944,990,0.292586
bfd_p-d65,944,952,0.186623
bfd_p-d65,944,974,0.260759
bfd_p-d65,944,964,0.333797
bfd_p-d65,944,973,0.250591
bfd_p-d65,944,913,0.438109
bfd_p-d65,944,824,0.758947
bfd_p-d65,944,928,0.185962
bfd_p-d65,944,939,0.758947
bfd_p-d65,944,1024,0.390535
bfd_p-d65,944,1072,0.97032
bfd_p-d65,944,983,0.172466
bfd_p-d65,944,889,0.172466
bfd_p-d65,944,997,0.758947
bfd_p-d65,944,1049,0.97032
bfd_p-d65,944,907,0.491683
bfd_p-d65,944,1045,0.670737
bfd_p-d65,944,841,0.670737
bfd_p-d65,944,975,0.364287
bfd_p-d65,944,1046,0.758947
bfd_p-d65,944,1032,0.521416
bfd_p-d65,944,1021,0.7241
bfd_p-d65,944,995,0.47369
bfd_p-d65,944,879,0.803404
bfd_p-d65,944,1003,0.23061
bfd_p-d65,944,898,0.411285
bfd_p-d65,944,966,0.97032
bfd_p-d65,944,901,0.803404
bfd_p-d65,944,878,0.448772
bfd_p-d65,944,872,0.364287
bfd_p-d65,944,920,0.211878
bfd_p-d65,944,929,0.29684
bfd_p-d65,944,996,0.448772
bfd_p-d65,944,856,0.758947
bfd_p-d65,944,972,0.272961
bfd_p-d65,944,922,0.158515
bfd_p-d65,944,1005,0.582096
bfd_p-d65,944,954,0.199078
bfd_p-d65,944,945,0.112964
bfd_p-d65,944,923,0.165553
bfd_p-d65,944,925,0.185962
bfd_p-d65,944,906,0.568452
bfd_p-d65,944,979,0.433261
bfd_p-d65,944,1040,0.803404
bfd_p-d65,944,902,0.218178
bfd_p-d65,944,1026,0.59676
bfd_p-d65,944,926,0.97032
bfd_p-d65,944,994,0.44092
bfd_p-d65,944,924,0.314833
bfd_p-d65,944,917,0.22442
bfd_p-d65,944,874,0.521416
bfd_p-d65,944,955,0.151343
bfd_p-d65,944,866,0.612644
bfd_p-d65,944,976,0.333046
bfd_p-d65,944,935,0.433261
bfd_p-d65,944,938,0.242859
bfd_p-d65,944,1018,0.670737
bfd_p-d65,944,1019,0.433261
bfd_p-d65,944,895,0.482529
bfd_p-d65,944,909,0.205514
bfd_p-d65,944,1059,0.865414
bfd_p-d65,944,870,0.521416
bfd_p-d65,944,958,0.758947
bfd_p-d65,365,377,0.331038
bfd_p-d65,365,371,0.30686
bfd_p-d65,365,395,0.215195
bfd_p-d65,365,362,0.316185
bfd_p-d65,365,354,0.160385
bfd_p-d65,365,393,0.316185
bfd_p-d65,365,363,0.124424
bfd_p-d65,365,382,0.325958
bfd_p-d65,365,397,0.481288
bfd_p-d65,365,351,0.211427
bfd_p-d65,365,374,0.218958
bfd_p-d65,365,373,0.119477
bfd_p-d65,365,370,0.325958
bfd_p-d65,365,380,0.378547
bfd_p-d65,365,368,0.264753
bfd_p-d65,365,342,0.156167
bfd_p-d65,365,364,0.268722
bfd_p-d65,365,366,0.184614
bfd_p-d65,365,336,0.253049
bfd_p-d65,365,394,0.385724
bfd_p-d65,365,347,0.276786
bfd_p-d65,365,376,0.371724
bfd_p-d65,365,353,0.385724
bfd_p-d65,365,359,0.164544
bfd_p-d65,365,343,0.237785
bfd_p-d65,365,378,0.481288
bfd_p-d65,365,340,0.28089
bfd_p-d65,365,379,0.143094
bfd_p-d65,365,337,0.588445
bfd_p-d65,365,396,0.588445
bfd_p-d65,365,344,0.200054
bfd_p-d65,365,345,0.276786
bfd_p-d65,365,357,0.293552
bfd_p-d65,365,348,0.184614
bfd_p-d65,365,385,0.465797
bfd_p-d65,365,361,0.297907
bfd_p-d65,365,369,0.549378
bfd_p-d65,365,384,0.176713
bfd_p-d65,365,389,0.654537
bfd_p-d65,365,383,0.28089
bfd_p-d65,365,346,0.184614
bfd_p-d65,365,356,0.207649
bfd_p-d65,365,349,0.226477
bfd_p-d65,365,341,0.452233
bfd_p-d65,365,352,0.365214
bfd_p-d65,365,381,0.109168
bfd_p-d65,365,387,0.253049
bfd_p-d65,365,372,0.218958
bfd_p-d65,365,358,0.222717
bfd_p-d65,365,375,0.176713
bfd_p-d65,365,355,0.222717
bfd_p-m,262,284,2.12969
bfd_p-m,262,298,3.3096
bfd_p-m,262,247,0.664971
bfd_p-m,262,272,1.79593
bfd_p-m,262,162,2.92117
bfd_p-m,262,252,1.81564
bfd_p-m,262,285,2.46726
bfd_p-m,262,170,2.90973
bfd_p-m,262,265,2.03242
bfd_p-m,262,317,4.21805
bfd_p-m,262,283,2.68277
bfd_p-m,262,222,1.89256
bfd_p-m,262,286,1.25493
bfd_p-m,262,303,3.45645
bfd_p-m,262,221,2.02924
bfd_p-m,262,263,0.138589
bfd_p-m,262,259,0.418309
bfd_p-m,262,278,2.69676
bfd_p-m,262,288,2.7616
bfd_p-m,262,233,2.51558
bfd_p-m,262,58,4.15893
bfd_p-m,262,157,2.86459
bfd_p-m,262,224,1.51875
bfd_p-m,262,240,1.84933
bfd_p-m,262,275,2.18881
bfd_p-m,262,269,1.15639
bfd_p-m,262,300,3.75016
bfd_p-m,262,212,2.75652
bfd_p-m,262,289,2.90655
bfd_p-m,262,180,2.60585
bfd_p-m,137,159,1.45064
bfd_p-m,137,158,0.809873
bfd_p-m,137,131,0.733138
bfd_p-m,137,151,0.971163
bfd_p-m,137,102,1.31867
bfd_p-m,137,144,1.12072
bfd_p-m,137,187,1.67351
bfd_p-m,137,108,1.94086
bfd_p-m,137,177,2.07185
bfd_p-m,137,154,2.31134
bfd_p-m,137,122,1.02542
bfd_p-m,137,38,3.1955
bfd_p-m,137,51,2.26735
bfd_p-m,137,166,2.12903
bfd_p-m,137,60,1.60753
bfd_p-m,137,64,1.85728
bfd_p-m,137,110,0.932551
bfd_p-m,137,87,1.71848
bfd_p-m,137,118,1.65689
bfd_p-m,137,152,0.106549
bfd_p-m,137,62,2.35533
bfd_p-m,137,127,2.90225
bfd_p-m,137,26,2.92375
bfd_p-m,137,95,2.36413
bfd_p-m,137,173,2.43451
bfd_p-m,137,46,2.81867
bfd_p-m,137,31,3.06843
bfd_p-m,137,171,2.03568
bfd_p-m,137,41,2.94917
bfd_p-m,19,21,2.27366
bfd_p-m,19,5,0.941847
bfd_p-m,19,1,2.12885
bfd_p-m,19,0,3.64538
bfd_p-m,19,12,5.03991
bfd_p-m,19,20,5.23603
bfd_p-m,19,4,6.32839
bfd_p-m,19,16,4.56328
bfd_p-m,19,33,6.44584
bfd_p-m,19,22,3.96807
bfd_p-m,19,17,3.35576
bfd_p-m,19,3,4.07412
bfd_p-m,19,11,5.43672
bfd_p-m,19,10,5.37058
bfd_p-m,19,36,4.99544
bfd_p-m,19,37,4.99886
bfd_p-m,19,15,3.87343
bfd_p-m,19,9,3.96579
bfd_p-m,19,18,4.01368
bfd_p-m,19,7,6.20182
bfd_p-m,19,2,5.41277
bfd_p-m,19,8,5.3797
bfd_p-m,19,6,5.22463
bfd_p-m,19,32,6.15051
bfd_p-m,19,25,6.39795
bfd_p-m,19,13,5.76739
bfd_p-m,19,14,5.78449
bfd_p-m,19,23,5.3569
bfd_p-m,19,27,5.25656
bfd_p-m,548,536,2.3819
bfd_p-m,548,562,1.24138
bfd_p-m,548,545,1.96466
bfd_p-m,548,539,2.10862
bfd_p-m,548,544,2.13017
bfd_p-m,548,561,0.987069
bfd_p-m,548,564,0.82931
bfd_p-m,548,551,1.44655
bfd_p-m,548,540,1.71336
bfd_p-m,548,537,2.18017
bfd_p-m,548,559,1.58319
bfd_p-m,548,547,0.693534
bfd_p-m,548,563,1.61681
bfd_p-m,548,553,1.16034
bfd_p-m,548,555,1.48836
bfd_p-m,548,549,0.82931
bfd_p-m,548,557,1.92414
bfd_p-m,548,554,1.79052
bfd_p-m,548,542,0.822414
bfd_p-m,548,560,0.7625
bfd_p-m,548,546,0.70819
bfd_p-m,548,541,0.755603
bfd_p-m,548,566,2.45345
bfd_p-m,548,565,1.4556
bfd_p-m,548,543,0.450862
bfd_p-m,548,550,1.07241
bfd_p-m,548,558,0.923276
bfd_p-m,548,556,0.748276
bfd_p-m,548,538,0.859483
bfd_p-m,548,552,0.772414
bfd_p-m,280,294,4.92065
bfd_p-m,280,293,3.83781
bfd_p-m,280,267,4.89382
bfd_p-m,280,301,6.82614
bfd_p-m,280,277,7.2042
bfd_p-m,280,295,5.87631
bfd_p-m,280,281,3.56593
bfd_p-m,280,273,5.24854
bfd_p-m,280,261,5.81564
bfd_p-m,280,241,6.49708
bfd_p-m,280,232,5.94749
bfd_p-m,280,147,5.45158
bfd_p-m,280,291,5.58343
bfd_p-m,280,309,6.4049
bfd_p-m,280,299,5.91715
bfd_p-m,280,268,1.45508
bfd_p-m,280,271,4.14236
bfd_p-m,280,292,4.31272
bfd_p-m,280,282,5.31389
bfd_p-m,280,256,3.46441
bfd_p-m,280,229,4.84597
bfd_p-m,280,270,3.15519
bfd_p-m,280,296,3.76196
bfd_p-m,280,266,6.24504
bfd_p-m,280,297,6.1902
bfd_p-m,280,248,6.12252
bfd_p-m,280,287,5.96733
bfd_p-m,280,290,6.16453
bfd_p-m,280,326,6.50292
bfd_p-m,121,66,2.56587
bfd_p-m,121,88,2.04644
bfd_p-m,121,113,2.11069
bfd_p-m,121,133,2.38229
bfd_p-m,121,98,2.0567
bfd_p-m,121,138,1.9487
bfd_p-m,121,48,1.87635
bfd_p-m,121,50,1.473
bfd_p-m,121,53,1.85529
bfd_p-m,121,78,1.9865
bfd_p-m,121,115,2.30076
bfd_p-m,121,92,2.11663
bfd_p-m,121,101,2.4406
bfd_p-m,121,59,1.7419
bfd_p-m,121,160,2.36069
bfd_p-m,121,146,2.12689
bfd_p-m,121,189,2.69006
bfd_p-m,121,239,2.63985
bfd_p-m,121,186,2.38553
bfd_p-m,121,182,2.02538
bfd_p-m,121,196,2.46436
bfd_p-m,121,71,2.19222
bfd_p-m,121,100,3.57505
bfd_p-m,121,67,3.27052
bfd_p-m,121,107,2.82883
bfd_p-m,121,120,1.88769
bfd_p-m,121,45,3.86879
bfd_p-m,121,29,3.65443
bfd_p-m,121,97,2.09179
bfd_p-m,121,77,1.71706
bfd_p-m,319,318,1.71901
bfd_p-m,319,324,2.18945
bfd_p-m,319,323,1.85569
bfd_p-m,319,354,2.88303
bfd_p-m,319,315,0.359186
bfd_p-m,319,335,3.12015
bfd_p-m,319,349,3.35855
bfd_p-m,319,352,2.63128
bfd_p-m,319,316,0.972664
bfd_p-m,319,312,1.67514
bfd_p-m,319,304,3.45645
bfd_p-m,319,340,3.24984
bfd_p-m,319,306,3.2314
bfd_p-m,319,308,3.29943
bfd_p-m,319,365,4.04132
bfd_p-m,319,333,2.71392
bfd_p-m,319,310,1.0445
bfd_p-m,319,305,4.00381
bfd_p-m,319,302,3.54545
bfd_p-m,319,307,2.81182
bfd_p-m,319,355,2.7349
bfd_p-m,319,337,2.88557
bfd_p-m,319,322,1.89574
bfd_p-m,319,311,2.94342
bfd_p-m,319,320,1.92371
bfd_p-m,319,332,2.13922
bfd_p-m,319,314,1.98729
bfd_p-m,319,330,2.93961
bfd_p-m,319,327,1.97203
bfd_p-m,319,313,1.90718
bfd_p-m,204,178,2.4946
bfd_p-m,204,209,0.151303
bfd_p-m,204,145,0.913541
bfd_p-m,204,132,2.50604
bfd_p-m,204,211,4.43865
bfd_p-m,204,210,4.35474
bfd_p-m,204,194,1.95105
bfd_p-m,204,142,1.67705
bfd_p-m,204,199,4.06675
bfd_p-m,204,112,3.12842
bfd_p-m,204,104,2.80992
bfd_p-m,204,90,2.90083
bfd_p-m,204,93,3.13477
bfd_p-m,204,91,2.7953
bfd_p-m,204,124,2.37508
bfd_p-m,204,243,2.83916
bfd_p-m,204,202,1.33376
bfd_p-m,204,181,1.33376
bfd_p-m,204,109,2.81055
bfd_p-m,204,125,2.54164
bfd_p-m,204,103,2.28099
bfd_p-m,204,79,2.61348
bfd_p-m,204,84,2.39161
bfd_p-m,204,174,2.95677
bfd_p-m,204,126,1.94342
bfd_p-m,204,156,2.65226
bfd_p-m,204,119,2.71329
bfd_p-m,204,216,3.31723
bfd_p-m,204,207,2.94406
bfd_p-m,201,30,5.77519
bfd_p-m,201,116,4.14175
bfd_p-m,201,35,4.12514
bfd_p-m,201,175,5.58693
bfd_p-m,201,54,4.20819
bfd_p-m,201,24,4.51938
bfd_p-m,201,72,4.96124
bfd_p-m,201,34,5.16279
bfd_p-m,201,213,2.20266
bfd_p-m,201,226,4.00997
bfd_p-m,201,234,4.48726
bfd_p-m,201,28,5.77519
bfd_p-m,201,73,6.42193
bfd_p-m,201,135,5.09967
bfd_p-m,201,40,4.58472
bfd_p-m,201,39,3.8804
bfd_p-m,201,165,5.57697
bfd_p-m,201,114,3.77519
bfd_p-m,201,208,5.89922
bfd_p-m,201,197,3.08084
bfd_p-m,201,57,5.95792
bfd_p-m,201,200,6.20819
bfd_p-m,201,163,5.22702
bfd_p-m,201,94,4.23256
bfd_p-m,201,111,6.33555
bfd_p-m,201,76,6.68328
bfd_p-m,201,167,4.97342
bfd_p-m,201,215,3.89812
bfd_p-m,201,141,5.02658
bfd_p-m,201,128,5.27464
bfd_p-m,214,218,0.134071
bfd_p-m,214,257,3.9059
bfd_p-m,214,192,1.12792
bfd_p-m,214,225,1.55351
bfd_p-m,214,140,3.71771
bfd_p-m,214,56,3.84563
bfd_p-m,214,106,3.51107
bfd_p-m,214,198,2.49508
bfd_p-m,214,191,2.36347
bfd_p-m,214,150,2.47909
bfd_p-m,214,123,1.76138
bfd_p-m,214,190,1.77921
bfd_p-m,214,172,1.88745
bfd_p-m,214,176,2.33702
bfd_p-m,214,185,2.31365
bfd_p-m,214,193,2.35424
bfd_p-m,214,206,1.58057
bfd_p-m,214,195,1.89729
bfd_p-m,214,155,1.27245
bfd_p-m,214,105,2.19557
bfd_p-m,214,161,1.61931
bfd_p-m,214,143,3.39852
bfd_p-m,214,168,3.26199
bfd_p-m,214,134,1.99139
bfd_p-m,214,149,1.22202
bfd_p-m,214,75,2.83518
bfd_p-m,214,89,3.4059
bfd_p-m,214,184,2.83948
bfd_p-m,214,238,2.85363
bfd_p-m,214,203,2.23862
bfd_p-m,404,380,1.62047
bfd_p-m,404,331,2.01144
bfd_p-m,404,410,0.792753
bfd_p-m,404,391,1.61856
bfd_p-m,404,351,1.67133
bfd_p-m,404,408,0.87349
bfd_p-m,404,413,1.4787
bfd_p-m,404,366,1.7794
bfd_p-m,404,374,2.56389
bfd_p-m,404,382,2.10553
bfd_p-m,404,384,2.74253
bfd_p-m,404,419,3.04196
bfd_p-m,404,412,2.89193
bfd_p-m,404,372,2.815
bfd_p-m,404,339,1.75715
bfd_p-m,404,341,2.64272
bfd_p-m,404,361,2.48951
bfd_p-m,404,362,3.17737
bfd_p-m,404,400,3.14749
bfd_p-m,404,334,3.11697
bfd_p-m,404,387,3.30006
bfd_p-m,404,405,2.72219
bfd_p-m,404,371,3.24857
bfd_p-m,404,336,3.32041
bfd_p-m,404,325,4.01716
bfd_p-m,404,348,3.95677
bfd_p-m,404,342,3.32613
bfd_p-m,404,321,3.60648
bfd_p-m,404,379,4.43865
bfd_p-m,404,407,0.706929
bfd_p-m,393,416,1.74893
bfd_p-m,393,403,0.902244
bfd_p-m,393,345,2.16186
bfd_p-m,393,398,3.04594
bfd_p-m,393,385,0.700321
bfd_p-m,393,394,0.980769
bfd_p-m,393,389,2.42468
bfd_p-m,393,338,2.08494
bfd_p-m,393,386,2.02511
bfd_p-m,393,396,1.28419
bfd_p-m,393,420,1.94444
bfd_p-m,393,368,1.27511
bfd_p-m,393,424,2.27564
bfd_p-m,393,411,2.38782
bfd_p-m,393,364,2.50107
bfd_p-m,393,415,2.03045
bfd_p-m,393,414,1.79968
bfd_p-m,393,422,2.25588
bfd_p-m,393,402,1.48611
bfd_p-m,393,375,2.06838
bfd_p-m,393,418,2.80769
bfd_p-m,393,392,0.441239
bfd_p-m,450,429,1.97329
bfd_p-m,450,434,1.89373
bfd_p-m,450,444,0.68583
bfd_p-m,450,466,2.15331
bfd_p-m,450,426,2.47445
bfd_p-m,450,430,1.96167
bfd_p-m,450,464,3.3223
bfd_p-m,450,436,2.41463
bfd_p-m,450,437,2.63124
bfd_p-m,450,442,1.48026
bfd_p-m,450,472,3.0302
bfd_p-m,450,441,3.53368
bfd_p-m,450,459,1.91405
bfd_p-m,450,439,1.65389
bfd_p-m,450,443,1.04065
bfd_p-m,450,455,2.59582
bfd_p-m,450,421,3.91173
bfd_p-m,450,423,3.69454
bfd_p-m,450,427,2.0993
bfd_p-m,450,435,2.19164
bfd_p-m,450,425,2.89431
bfd_p-m,450,463,2.53426
bfd_p-m,450,448,0.990708
bfd_p-m,450,428,2.64925
bfd_p-m,450,432,1.86063
bfd_p-m,450,431,1.97735
bfd_p-m,450,438,1.60221
bfd_p-m,450,445,1.58072
bfd_p-m,450,454,2.08827
bfd_p-m,450,446,2.67305
bfd_p-m,470,461,1.34604
bfd_p-m,470,474,3.1305
bfd_p-m,470,476,2.011
bfd_p-m,470,479,1.90029
bfd_p-m,470,481,1.36877
bfd_p-m,470,480,1.62243
bfd_p-m,470,478,4.06378
bfd_p-m,470,471,3.4934
bfd_p-m,470,465,4.06378
bfd_p-m,470,460,4.06378
bfd_p-m,470,440,3.93842
bfd_p-m,470,477,2.71554
bfd_p-m,470,475,2.18109
bfd_p-m,470,457,3.67742
bfd_p-m,470,449,3.54472
bfd_p-m,470,456,4.44868
bfd_p-m,470,417,5.2346
bfd_p-m,470,458,2.3629
bfd_p-m,470,469,2.57331
bfd_p-m,470,451,3.55205
bfd_p-m,470,447,3.10411
bfd_p-m,470,462,2.60191
bfd_p-m,470,453,2.65176
bfd_p-m,470,467,2.54472
bfd_p-m,470,452,2.00733
bfd_p-m,470,473,2.18109
bfd_p-m,470,468,2.99413
bfd_p-m,470,433,2.10191
bfd_p-m,369,328,1.528
bfd_p-m,369,356,1.208
bfd_p-m,369,346,1.38362
bfd_p-m,369,359,1.48838
bfd_p-m,369,383,1.15657
bfd_p-m,369,409,2.10286
bfd_p-m,369,353,0.822095
bfd_p-m,369,343,1.01676
bfd_p-m,369,376,0.595429
bfd_p-m,369,329,1.38667
bfd_p-m,369,344,1.17029
bfd_p-m,369,363,1.5181
bfd_p-m,369,381,1.8
bfd_p-m,369,397,2.16305
bfd_p-m,369,388,1.08305
bfd_p-m,369,367,1.62095
bfd_p-m,369,373,1.57181
bfd_p-m,369,377,1.42286
bfd_p-m,369,401,1.60648
bfd_p-m,369,399,2.25257
bfd_p-m,369,395,2.42171
bfd_p-m,369,406,2.37105
bfd_p-m,369,360,0.133333
bfd_p-m,369,390,0.737905
bfd_p-m,369,357,1.36876
bfd_p-m,369,370,1.432
bfd_p-m,369,347,0.972952
bfd_p-m,369,378,1.48533
bfd_p-m,369,350,1.42971
bfd_p-m,369,358,1.23657
bfd_p-m,82,136,3.52638
bfd_p-m,82,81,0.359186
bfd_p-m,82,96,2.30006
bfd_p-m,82,70,1.00318
bfd_p-m,82,117,2.02734
bfd_p-m,82,169,1.78703
bfd_p-m,82,44,3.22823
bfd_p-m,82,99,2.5302
bfd_p-m,82,61,2.06993
bfd_p-m,82,164,1.88938
bfd_p-m,82,52,2.64971
bfd_p-m,82,179,1.87985
bfd_p-m,82,47,2.42975
bfd_p-m,82,236,4.04132
bfd_p-m,82,153,1.93134
bfd_p-m,82,80,4.43865
bfd_p-m,82,83,3.12842
bfd_p-m,82,69,2.0
bfd_p-m,82,85,1.43039
bfd_p-m,82,86,1.80737
bfd_p-m,82,63,2.25683
bfd_p-m,82,65,2.59313
bfd_p-m,82,139,3.56707
bfd_p-m,82,49,2.30451
bfd_p-m,82,55,2.63636
bfd_p-m,82,130,0.708837
bfd_p-m,82,74,0.359186
bfd_p-m,82,43,3.12587
bfd_p-m,82,42,3.64463
bfd_p-m,82,68,3.56961
bfd_p-m,501,497,0.846612
bfd_p-m,501,506,1.88997
bfd_p-m,501,489,1.87425
bfd_p-m,501,483,2.57453
bfd_p-m,501,486,1.33767
bfd_p-m,501,500,3.5458
bfd_p-m,501,487,2.49919
bfd_p-m,501,498,0.915989
bfd_p-m,501,505,2.16585
bfd_p-m,501,493,3.22222
bfd_p-m,501,491,1.17669
bfd_p-m,501,502,1.71328
bfd_p-m,501,482,2.56423
bfd_p-m,501,503,2.64444
bfd_p-m,501,504,1.71165
bfd_p-m,501,484,0.528997
bfd_p-m,501,488,1.02168
bfd_p-m,501,490,0.889431
bfd_p-m,501,495,1.05474
bfd_p-m,501,496,1.71328
bfd_p-m,501,499,3.27642
bfd_p-m,501,485,1.12141
bfd_p-m,507,515,0.698816
bfd_p-m,507,521,3.52876
bfd_p-m,507,527,3.00338
bfd_p-m,507,511,4.19882
bfd_p-m,507,532,3.85195
bfd_p-m,507,514,3.87648
bfd_p-m,507,533,2.93993
bfd_p-m,507,520,4.17428
bfd_p-m,507,525,4.55161
bfd_p-m,507,517,4.10491
bfd_p-m,507,516,4.71066
bfd_p-m,507,512,4.65651
bfd_p-m,507,530,3.96193
bfd_p-m,507,518,4.50677
bfd_p-m,507,522,2.51184
bfd_p-m,507,534,4.18782
bfd_p-m,507,523,4.74196
bfd_p-m,507,513,4.34518
bfd_p-m,507,509,1.19882
bfd_p-m,507,492,2.43486
bfd_p-m,507,494,1.41709
bfd_p-m,507,508,0.630288
bfd_p-m,507,510,1.48308
bfd_p-m,507,524,4.21658
bfd_p-m,507,529,3.09222
bfd_p-m,507,535,2.70135
bfd_p-m,507,519,2.99831
bfd_p-m,507,528,3.03299
bfd_p-m,507,526,2.61844
bfd_p-m,507,531,2.91794
bfd_p-m,276,220,4.65591
bfd_p-m,276,188,5.14409
bfd_p-m,276,228,4.20323
bfd_p-m,276,235,4.13333
bfd_p-m,276,217,5.5172
bfd_p-m,276,231,5.68495
bfd_p-m,276,219,4.5914
bfd_p-m,276,255,1.48602
bfd_p-m,276,244,4.45376
bfd_p-m,276,242,4.07527
bfd_p-m,276,246,4.94946
bfd_p-m,276,227,6.70968
bfd_p-m,276,258,5.26882
bfd_p-m,276,129,5.52473
bfd_p-m,276,260,5.47957
bfd_p-m,276,237,4.99462
bfd_p-m,276,254,5.14301
bfd_p-m,276,251,5.48065
bfd_p-m,276,253,5.20108
bfd_p-m,276,274,1.19892
bfd_p-m,276,223,4.19247
bfd_p-m,276,148,6.52366
bfd_p-m,276,183,5.62366
bfd_p-m,276,205,5.90215
bfd_p-m,276,250,3.85699
bfd_p-m,276,245,5.72796
bfd_p-m,276,264,2.96774
bfd_p-m,276,249,3.96559
bfd_p-m,276,230,5.18925
bfd_p-m,276,279,1.86667
rit-dupont,125,131,1.02
rit-dupont,120,127,1.02
rit-dupont,119,118,1.02
rit-dupont,121,124,1.02
rit-dupont,128,122,1.02
rit-dupont,106,114,1.02
rit-dupont,126,130,1.02
rit-dupont,108,103,1.02
rit-dupont,88,98,1.02
rit-dupont,147,158,1.02
rit-dupont,153,156,1.02
rit-dupont,149,150,1.02
rit-dupont,152,157,1.02
rit-dupont,154,151,1.02
rit-dupont,140,146,1.02
rit-dupont,139,143,1.02
rit-dupont,138,136,1.02
rit-dupont,133,137,1.02
rit-dupont,296,304,1.02
rit-dupont,300,301,1.02
rit-dupont,291,290,1.02
rit-dupont,288,294,1.02
rit-dupont,289,286,1.02
rit-dupont,283,299,1.02
rit-dupont,285,297,1.02
rit-dupont,280,276,1.02
rit-dupont,282,293,1.02
rit-dupont,190,234,1.02
rit-dupont,194,238,1.02
rit-dupont,195,223,1.02
rit-dupont,182,217,1.02
rit-dupont,210,212,1.02
rit-dupont,209,211,1.02
rit-dupont,198,215,1.02
rit-dupont,189,213,1.02
rit-dupont,196,185,1.02
rit-dupont,192,183,1.02
rit-dupont,184,230,1.02
rit-dupont,181,222,1.02
rit-dupont,176,167,1.02
rit-dupont,179,225,1.02
rit-dupont,382,398,1.02
rit-dupont,385,393,1.02
rit-dupont,392,394,1.02
rit-dupont,383,389,1.02
rit-dupont,386,390,1.02
rit-dupont,378,397,1.02
rit-dupont,352,356,1.02
rit-dupont,359,353,1.02
rit-dupont,376,391,1.02
rit-dupont,200,239,1.02
rit-dupont,191,214,1.02
rit-dupont,199,202,1.02
rit-dupont,203,221,1.02
rit-dupont,208,177,1.02
rit-dupont,180,216,1.02
rit-dupont,187,218,1.02
rit-dupont,172,165,1.02
rit-dupont,174,227,1.02
rit-dupont,243,248,1.02
rit-dupont,220,235,1.02
rit-dupont,228,226,1.02
rit-dupont,233,242,1.02
rit-dupont,237,231,1.02
rit-dupont,246,254,1.02
rit-dupont,251,253,1.02
rit-dupont,247,244,1.02
rit-dupont,245,240,1.02
rit-dupont,404,420,1.02
rit-dupont,413,421,1.02
rit-dupont,416,424,1.02
rit-dupont,417,430,1.02
rit-dupont,418,423,1.02
rit-dupont,407,427,1.02
rit-dupont,408,419,1.02
rit-dupont,406,403,1.02
rit-dupont,410,426,1.02
rit-dupont,326,347,1.02
rit-dupont,330,337,1.02
rit-dupont,328,327,1.02
rit-dupont,333,334,1.02
rit-dupont,336,335,1.02
rit-dupont,342,351,1.02
rit-dupont,344,350,1.02
rit-dupont,345,331,1.02
rit-dupont,341,349,1.02
rit-dupont,15,20,1.02
rit-dupont,10,16,1.02
rit-dupont,7,12,1.02
rit-dupont,8,19,1.02
rit-dupont,14,17,1.02
rit-dupont,13,6,1.02
rit-dupont,3,11,1.02
rit-dupont,316,343,1.02
rit-dupont,313,319,1.02
rit-dupont,310,312,1.02
rit-dupont,311,325,1.02
rit-dupont,318,338,1.02
rit-dupont,315,308,1.02
rit-dupont,317,340,1.02
rit-dupont,96,112,1.02
rit-dupont,93,102,1.02
rit-dupont,97,99,1.02
rit-dupont,92,107,1.02
rit-dupont,104,109,1.02
rit-dupont,101,89,1.02
rit-dupont,91,105,1.02
rit-dupont,56,62,1.02
rit-dupont,47,55,1.02
rit-dupont,46,49,1.02
rit-dupont,45,58,1.02
rit-dupont,40,52,1.02
rit-dupont,42,31,1.02
rit-dupont,48,57,1.02
rit-dupont,266,275,1.02
rit-dupont,259,260,1.02
rit-dupont,267,264,1.02
rit-dupont,261,268,1.02
rit-dupont,269,272,1.02
rit-dupont,271,265,1.02
rit-dupont,263,277,1.02
rit-dupont,54,61,1.02
rit-dupont,37,28,1.02
rit-dupont,30,33,1.02
rit-dupont,53,60,1.02
rit-dupont,51,59,1.02
rit-dupont,23,25,1.02
rit-dupont,24,32,1.02
rit-dupont,373,396,1.02
rit-dupont,369,377,1.02
rit-dupont,367,366,1.02
rit-dupont,368,387,1.02
rit-dupont,364,375,1.02
rit-dupont,370,360,1.02
rit-dupont,372,395,1.02
rit-dupont,72,82,1.02
rit-dupont,79,80,1.02
rit-dupont,71,69,1.02
rit-dupont,74,81,1.02
rit-dupont,77,84,1.02
rit-dupont,68,65,1.02
rit-dupont,70,87,1.02
rit-dupont,455,463,1.02
rit-dupont,464,467,1.02
rit-dupont,452,453,1.02
rit-dupont,459,466,1.02
rit-dupont,461,465,1.02
rit-dupont,458,454,1.02
rit-dupont,449,456,1.02
rit-dupont,432,447,1.02
rit-dupont,435,441,1.02
rit-dupont,438,439,1.02
rit-dupont,440,446,1.02
rit-dupont,436,444,1.02
rit-dupont,433,428,1.02
rit-dupont,434,445,1.02
rit-dupont,125,111,1.02
rit-dupont,120,116,1.02
rit-dupont,119,123,1.02
rit-dupont,121,117,1.02
rit-dupont,128,129,1.02
rit-dupont,106,100,1.02
rit-dupont,126,115,1.02
rit-dupont,108,113,1.02
rit-dupont,88,78,1.02
rit-dupont,147,141,1.02
rit-dupont,153,145,1.02
rit-dupont,149,148,1.02
rit-dupont,152,144,1.02
rit-dupont,154,155,1.02
rit-dupont,140,134,1.02
rit-dupont,139,135,1.02
rit-dupont,138,142,1.02
rit-dupont,133,132,1.02
rit-dupont,296,281,1.02
rit-dupont,300,298,1.02
rit-dupont,291,292,1.02
rit-dupont,288,287,1.02
rit-dupont,289,295,1.02
rit-dupont,283,274,1.02
rit-dupont,285,279,1.02
rit-dupont,280,284,1.02
rit-dupont,282,273,1.02
rit-dupont,190,162,1.02
rit-dupont,194,163,1.02
rit-dupont,195,171,1.02
rit-dupont,182,168,1.02
rit-dupont,210,207,1.02
rit-dupont,209,206,1.02
rit-dupont,198,178,1.02
rit-dupont,189,173,1.02
rit-dupont,196,204,1.02
rit-dupont,192,201,1.02
rit-dupont,184,161,1.02
rit-dupont,181,164,1.02
rit-dupont,176,205,1.02
rit-dupont,179,160,1.02
rit-dupont,382,371,1.02
rit-dupont,385,380,1.02
rit-dupont,392,388,1.02
rit-dupont,383,379,1.02
rit-dupont,386,384,1.02
rit-dupont,378,363,1.02
rit-dupont,352,346,1.02
rit-dupont,359,362,1.02
rit-dupont,376,365,1.02
rit-dupont,200,169,1.02
rit-dupont,191,175,1.02
rit-dupont,199,193,1.02
rit-dupont,203,186,1.02
rit-dupont,208,232,1.02
rit-dupont,180,166,1.02
rit-dupont,187,170,1.02
rit-dupont,172,188,1.02
rit-dupont,174,159,1.02
rit-dupont,243,219,1.02
rit-dupont,220,197,1.02
rit-dupont,228,229,1.02
rit-dupont,233,224,1.02
rit-dupont,237,241,1.02
rit-dupont,246,236,1.02
rit-dupont,251,249,1.02
rit-dupont,247,252,1.02
rit-dupont,245,250,1.02
rit-dupont,404,399,1.02
rit-dupont,413,405,1.02
rit-dupont,416,412,1.02
rit-dupont,417,409,1.02
rit-dupont,418,414,1.02
rit-dupont,407,400,1.02
rit-dupont,408,401,1.02
rit-dupont,406,415,1.02
rit-dupont,410,402,1.02
rit-dupont,326,314,1.02
rit-dupont,330,323,1.02
rit-dupont,328,329,1.02
rit-dupont,333,332,1.02
rit-dupont,336,339,1.02
rit-dupont,342,321,1.02
rit-dupont,344,324,1.02
rit-dupont,345,348,1.02
rit-dupont,341,320,1.02
rit-dupont,15,2,1.02
rit-dupont,10,5,1.02
rit-dupont,7,4,1.02
rit-dupont,8,1,1.02
rit-dupont,14,9,1.02
rit-dupont,13,18,1.02
rit-dupont,3,0,1.02
rit-dupont,316,303,1.02
rit-dupont,313,305,1.02
rit-dupont,310,309,1.02
rit-dupont,311,302,1.02
rit-dupont,318,307,1.02
rit-dupont,315,322,1.02
rit-dupont,317,306,1.02
rit-dupont,96,83,1.02
rit-dupont,93,90,1.02
rit-dupont,97,95,1.02
rit-dupont,92,85,1.02
rit-dupont,104,94,1.02
rit-dupont,101,110,1.02
rit-dupont,91,86,1.02
rit-dupont,56,41,1.02
rit-dupont,47,39,1.02
rit-dupont,46,43,1.02
rit-dupont,45,26,1.02
rit-dupont,40,29,1.02
rit-dupont,42,50,1.02
rit-dupont,48,36,1.02
rit-dupont,266,256,1.02
rit-dupont,259,258,1.02
rit-dupont,267,270,1.02
rit-dupont,261,257,1.02
rit-dupont,269,262,1.02
rit-dupont,271,278,1.02
rit-dupont,263,255,1.02
rit-dupont,54,38,1.02
rit-dupont,37,44,1.02
rit-dupont,30,27,1.02
rit-dupont,53,34,1.02
rit-dupont,51,35,1.02
rit-dupont,23,22,1.02
rit-dupont,24,21,1.02
rit-dupont,373,358,1.02
rit-dupont,369,361,1.02
rit-dupont,367,374,1.02
rit-dupont,368,357,1.02
rit-dupont,364,355,1.02
rit-dupont,370,381,1.02
rit-dupont,372,354,1.02
rit-dupont,72,64,1.02
rit-dupont,79,75,1.02
rit-dupont,71,73,1.02
rit-dupont,74,67,1.02
rit-dupont,77,66,1.02
rit-dupont,68,76,1.02
rit-dupont,70,63,1.02
rit-dupont,455,448,1.02
rit-dupont,464,462,1.02
rit-dupont,452,450,1.02
rit-dupont,459,451,1.02
rit-dupont,461,457,1.02
rit-dupont,458,460,1.02
rit-dupont,449,442,1.02
rit-dupont,432,411,1.02
rit-dupont,435,431,1.02
rit-dupont,438,437,1.02
rit-dupont,440,422,1.02
rit-dupont,436,429,1.02
rit-dupont,433,443,1.02
rit-dupont,434,425,1.02
