dataset,i,j,dv,drgb8
bfd_p-d65,1173,1198,1.02941,6
bfd_p-d65,1173,1232,1.11176,4
bfd_p-d65,1173,1197,1.13294,6
bfd_p-d65,1173,1187,1.15294,4
bfd_p-d65,1173,1166,1.09176,5
bfd_p-d65,1173,1195,1.01176,7
bfd_p-d65,1173,1225,1.25882,6
bfd_p-d65,1173,1186,1.08118,4
bfd_p-d65,1173,1145,1.16353,4
bfd_p-d65,1173,1141,0.916471,5
bfd_p-d65,1393,1375,1.14613,9
bfd_p-d65,1393,1404,1.15759,15
bfd_p-d65,1393,1410,1.08883,10
bfd_p-d65,1393,1363,0.939828,18
bfd_p-d65,1393,1353,1.13467,5
bfd_p-d65,1393,1355,1.26074,4
bfd_p-d65,1393,1358,1.28367,7
bfd_p-d65,1393,1370,1.15759,7
bfd_p-d65,1393,1389,0.931232,10
bfd_p-d65,1393,1381,0.825215,23
bfd_p-d65,1393,1388,1.04585,25
bfd_p-d65,1393,1362,1.28367,8
bfd_p-d65,1354,1311,1.37883,6
bfd_p-d65,1354,1331,1.24095,7
bfd_p-d65,1354,1351,1.461,7
bfd_p-d65,1354,1334,1.57939,4
bfd_p-d65,1354,1367,0.993036,2
bfd_p-d65,1354,1376,1.10306,3
bfd_p-d65,1354,1297,1.58078,5
bfd_p-d65,1354,1345,1.70334,8
bfd_p-d65,1354,1371,1.34401,3
bfd_p-d65,1354,1386,1.4415,4
bfd_p-d65,1354,1390,1.01393,3
bfd_p-d65,1522,1512,1.48248,3
bfd_p-d65,1522,1531,1.28032,2
bfd_p-d65,1522,1526,1.02426,2
bfd_p-d65,1522,1502,1.36119,4
bfd_p-d65,1522,1534,1.18598,2
bfd_p-d65,1522,1543,2.00809,3
bfd_p-d65,1522,1515,0.916442,3
bfd_p-d65,1564,1542,1.45233,3
bfd_p-d65,1564,1541,1.5255,4
bfd_p-d65,1564,1580,1.33592,4
bfd_p-d65,1564,1572,1.46674,3
bfd_p-d65,1564,1574,1.59756,7
bfd_p-d65,1564,1546,1.44457,2
bfd_p-d65,1564,1583,1.38027,6
bfd_p-d65,1564,1575,1.53991,7
bfd_p-d65,1564,1582,1.36475,5
bfd_p-d65,1564,1586,1.75721,4
bfd_p-d65,1564,1539,1.46674,3
bfd_p-d65,1564,1563,1.80044,8
bfd_p-d65,1564,1585,1.78603,6
bfd_p-d65,1528,1518,1.90291,4
bfd_p-d65,1528,1510,1.98058,6
bfd_p-d65,1528,1498,1.70874,4
bfd_p-d65,1528,1538,2.13592,5
bfd_p-d65,1528,1523,1.87379,4
bfd_p-d65,1528,1520,1.80583,3
bfd_p-d65,1528,1547,2.19417,5
bfd_p-d65,1528,1535,1.38835,5
bfd_p-d65,1528,1554,1.35922,5
bfd_p-d65,1528,1493,2.75728,7
bfd_p-d65,1431,1401,1.72619,13
bfd_p-d65,1431,1407,2.01935,19
bfd_p-d65,1431,1429,1.48512,4
bfd_p-d65,1431,1433,1.53571,9
bfd_p-d65,1431,1443,1.5878,13
bfd_p-d65,1431,1442,1.5625,6
bfd_p-d65,1431,1406,1.5625,15
bfd_p-d65,1431,1419,1.43304,17
bfd_p-d65,1431,1434,1.35565,2
bfd_p-d65,1464,1485,1.4,3
bfd_p-d65,1464,1461,1.5968,4
bfd_p-d65,1464,1450,1.7088,11
bfd_p-d65,1464,1449,1.2608,4
bfd_p-d65,1464,1452,1.0928,2
bfd_p-d65,1464,1468,1.0496,4
bfd_p-d65,1464,1451,1.6864,10
bfd_p-d65,1464,1469,1.232,2
bfd_p-d65,1464,1478,1.2608,3
bfd_p-d65,1464,1460,1.7504,8
bfd_p-d65,1508,1519,1.13423,3
bfd_p-d65,1508,1488,1.20268,9
bfd_p-d65,1508,1514,1.10872,2
bfd_p-d65,1508,1511,0.94094,3
bfd_p-d65,1508,1495,1.37181,4
bfd_p-d65,1508,1517,1.0094,5
bfd_p-d65,1508,1499,1.16779,4
bfd_p-d65,1508,1537,1.32752,8
bfd_p-d65,1508,1500,1.49664,7
bfd_p-d65,1508,1507,1.12215,6
bfd_p-d65,1508,1491,0.918121,7
bfd_p-d65,1508,1506,1.2255,4
bfd_p-d65,1508,1503,1.13826,5
bfd_p-d65,1508,1513,1.16779,2
bfd_p-d65,1508,1529,1.21342,5
bfd_p-d65,1633,1625,1.46875,3
bfd_p-d65,1633,1673,1.47743,3
bfd_p-d65,1633,1616,1.41667,3
bfd_p-d65,1633,1676,1.95312,4
bfd_p-d65,1633,1629,1.95312,5
bfd_p-d65,1633,1647,1.86458,4
bfd_p-d65,1633,1628,1.32118,3
bfd_p-d65,1633,1619,1.57812,3
bfd_p-d65,1633,1646,1.48264,4
bfd_p-d65,1633,1617,1.65972,2
bfd_p-d65,1633,1649,1.15278,2
bfd_p-d65,1633,1662,1.65972,3
bfd_p-d65,1633,1666,1.85069,4
bfd_p-d65,1633,1623,1.86458,6
bfd_p-d65,1774,1728,1.66282,2
bfd_p-d65,1774,1793,1.56351,2
bfd_p-d65,1774,1790,1.49654,3
bfd_p-d65,1774,1733,1.8291,3
bfd_p-d65,1774,1769,1.79677,2
bfd_p-d65,1774,1716,2.39492,4
bfd_p-d65,1774,1704,1.21478,4
bfd_p-d65,1774,1812,1.72979,2
bfd_p-d65,1774,1822,1.26328,3
bfd_p-d65,1774,1725,1.33025,2
bfd_p-d65,1774,1780,1.67898,2
bfd_p-d65,1724,1738,1.52344,3
bfd_p-d65,1724,1729,1.33398,3
bfd_p-d65,1724,1691,1.48633,2
bfd_p-d65,1724,1730,1.55469,2
bfd_p-d65,1724,1699,1.76758,2
bfd_p-d65,1724,1720,1.26367,2
bfd_p-d65,1724,1742,1.54687,3
bfd_p-d65,1724,1688,1.32617,3
bfd_p-d65,1724,1703,1.53125,4
bfd_p-d65,1724,1737,1.40234,3
bfd_p-d65,1724,1696,1.41602,3
bfd_p-d65,1724,1705,1.32617,3
bfd_p-d65,1724,1712,1.40234,2
bfd_p-d65,1857,1858,1.34953,4
bfd_p-d65,1857,1851,1.37652,2
bfd_p-d65,1857,1841,1.09987,2
bfd_p-d65,1857,1840,1.67341,4
bfd_p-d65,1857,1879,1.5857,4
bfd_p-d65,1857,1888,1.64642,4
bfd_p-d65,1857,1838,1.22132,2
bfd_p-d65,1857,1860,1.61943,3
bfd_p-d65,1857,1862,1.52497,2
bfd_p-d65,1857,1839,1.39001,2
bfd_p-d65,1811,1826,1.72684,5
bfd_p-d65,1811,1819,1.58845,2
bfd_p-d65,1811,1825,1.83875,6
bfd_p-d65,1811,1816,1.45969,2
bfd_p-d65,1811,1807,1.65824,2
bfd_p-d65,1811,1827,1.48496,5
bfd_p-d65,1811,1835,1.98556,4
bfd_p-d65,1811,1823,1.19134,4
bfd_p-d65,1811,1801,1.31288,2
bfd_p-d65,2046,2036,1.16359,2
bfd_p-d65,2046,2065,1.17466,2
bfd_p-d65,2046,2084,1.123,3
bfd_p-d65,2046,2072,0.779828,2
bfd_p-d65,2046,2094,1.10578,3
bfd_p-d65,2046,2078,1.19803,2
bfd_p-d65,2046,2040,0.96556,2
bfd_p-d65,2046,2041,0.873309,2
bfd_p-d65,2046,2058,1.123,4
bfd_p-d65,2046,2077,1.17466,3
bfd_p-d65,2046,2079,1.31488,3
bfd_p-d65,2101,2103,1.60846,3
bfd_p-d65,2101,2085,1.38419,3
bfd_p-d65,2101,2088,1.52757,2
bfd_p-d65,2101,2076,1.67279,3
bfd_p-d65,2101,2063,1.38419,3
bfd_p-d65,2101,2109,1.33456,3
bfd_p-d65,2101,2100,1.64154,3
bfd_p-d65,2101,2086,1.59191,5
bfd_p-d65,2101,2117,1.28676,3
bfd_p-d65,2101,2095,1.625,5
bfd_p-d65,2101,2053,1.9136,6
bfd_p-d65,1871,1882,1.43808,2
bfd_p-d65,1871,1866,1.03595,2
bfd_p-d65,1871,1847,1.48069,3
bfd_p-d65,1871,1863,1.40879,4
bfd_p-d65,1871,1859,1.48069,3
bfd_p-d65,1871,1864,1.23702,3
bfd_p-d65,1871,1897,1.52463,3
bfd_p-d65,1871,1869,1.5526,5
bfd_p-d65,1871,1878,1.15047,2
bfd_p-d65,1871,1884,1.48069,4
bfd_p-d65,1955,1951,1.55556,13
bfd_p-d65,1955,1917,1.3381,12
bfd_p-d65,1955,1990,1.50952,9
bfd_p-d65,1955,1916,1.41587,3
bfd_p-d65,1955,1930,1.29048,9
bfd_p-d65,1955,1949,1.71111,17
bfd_p-d65,1955,2008,1.13492,6
bfd_p-d65,1955,1961,1.53968,10
bfd_p-d65,1955,1932,1.53968,2
bfd_p-d65,2132,2135,1.51943,5
bfd_p-d65,2132,2090,1.58775,8
bfd_p-d65,2132,2148,1.61013,4
bfd_p-d65,2132,2124,1.36749,2
bfd_p-d65,2132,2139,1.23086,7
bfd_p-d65,2132,2164,1.69376,5
bfd_p-d65,2132,2106,1.48881,8
bfd_p-d65,2132,2156,2.08127,4
bfd_p-d65,2132,2149,1.10954,6
bfd_p-d65,2132,2114,1.74794,5
bfd_p-d65,196,188,1.41911,12
bfd_p-d65,196,167,0.955535,6
bfd_p-d65,196,166,1.61779,5
bfd_p-d65,196,208,1.44749,12
bfd_p-d65,196,194,1.36235,10
bfd_p-d65,196,197,1.15421,13
bfd_p-d65,196,158,1.02176,7
bfd_p-d65,196,168,2.03406,16
bfd_p-d65,196,202,1.8543,11
bfd_p-d65,196,138,1.61779,10
bfd_p-d65,196,207,0.936613,6
bfd_p-d65,162,146,1.7246,3
bfd_p-d65,162,160,1.06952,3
bfd_p-d65,162,184,1.1631,3
bfd_p-d65,162,149,1.1631,5
bfd_p-d65,162,171,0.909091,3
bfd_p-d65,162,170,1.32353,4
bfd_p-d65,162,172,1.28342,4
bfd_p-d65,162,165,1.25668,3
bfd_p-d65,162,178,1.79144,4
bfd_p-d65,162,173,1.57754,3
bfd_p-d65,162,159,0.935829,2
bfd_p-d65,162,179,1.9385,3
bfd_p-d65,777,819,1.36364,5
bfd_p-d65,777,875,1.87799,12
bfd_p-d65,777,842,1.97368,9
bfd_p-d65,777,730,2.21292,12
bfd_p-d65,777,786,1.36364,4
bfd_p-d65,777,1037,2.78708,22
bfd_p-d65,777,820,1.36364,5
bfd_p-d65,777,860,1.91388,8
bfd_p-d65,777,868,2.14115,6
bfd_p-d65,777,749,2.32057,4
bfd_p-d65,777,970,1.75837,9
bfd_p-d65,777,969,1.36364,9
bfd_p-d65,99,81,1.28806,3
bfd_p-d65,99,107,0.995316,3
bfd_p-d65,99,87,1.17096,2
bfd_p-d65,99,101,0.960187,2
bfd_p-d65,99,95,0.936768,2
bfd_p-d65,99,88,1.15925,2
bfd_p-d65,99,106,1.14754,3
bfd_p-d65,129,136,0.867294,2
bfd_p-d65,129,130,1.04493,2
bfd_p-d65,129,132,1.06583,2
bfd_p-d65,129,145,1.14943,2
bfd_p-d65,129,139,1.08673,2
bfd_p-d65,129,135,1.08673,2
bfd_p-d65,129,131,1.02403,3
bfd_p-d65,129,141,1.17032,3
bfd_p-d65,129,127,1.20167,2
bfd_p-d65,129,113,1.38976,2
bfd_p-d65,14,17,1.54676,3
bfd_p-d65,14,15,1.7446,3
bfd_p-d65,14,16,1.65468,3
bfd_p-d65,14,8,1.7446,3
bfd_p-d65,14,11,1.7446,2
bfd_p-d65,14,13,1.7446,3
bfd_p-d65,14,12,1.83453,3
bfd_p-d65,14,9,1.83453,2
bfd_p-d65,14,10,1.70863,2
bfd_p-d65,14,18,1.67266,2
bfd_p-d65,2337,2343,1.24464,4
bfd_p-d65,2337,2349,0.844063,3
bfd_p-d65,2337,2345,1.03004,2
bfd_p-d65,2337,2336,1.28755,2
bfd_p-d65,2337,2351,1.1731,3
bfd_p-d65,2337,2338,1.43062,2
bfd_p-d65,2337,2340,1.3877,2
bfd_p-d65,2337,2352,1.03004,4
bfd_p-d65,2337,2342,1.1731,2
bfd_p-d65,2337,2353,1.28755,5
bfd_p-d65,2303,2300,1.59734,5
bfd_p-d65,2303,2304,1.4975,4
bfd_p-d65,2303,2306,1.46423,4
bfd_p-d65,2303,2308,1.76373,3
bfd_p-d65,2303,2309,1.2812,3
bfd_p-d65,2303,2312,1.54742,4
bfd_p-d65,2303,2313,1.78037,6
bfd_p-d65,2303,2307,1.33111,2
bfd_p-d65,2303,2301,1.51414,4
bfd_p-d65,2303,2311,1.76373,5
bfd_p-d65,2303,2302,1.24792,2
bfd_p-d65,2303,2305,1.51414,3
bfd_p-d65,644,654,0.321012,6
bfd_p-d65,644,656,0.554475,10
bfd_p-d65,644,651,0.301556,4
bfd_p-d65,644,649,0.379377,3
bfd_p-d65,644,653,0.856031,3
bfd_p-d65,644,655,0.57393,3
bfd_p-d65,644,643,0.768482,11
bfd_p-d65,2477,2474,1.0687,3
bfd_p-d65,2477,2484,1.24973,3
bfd_p-d65,2477,2475,0.888768,3
bfd_p-d65,2477,2483,1.43075,3
bfd_p-d65,2477,2481,1.35551,3
bfd_p-d65,2477,2480,1.17557,2
bfd_p-d65,2477,2488,2.07852,3
bfd_p-d65,2477,2493,1.64122,3
bfd_p-d65,2477,2482,1.7928,2
bfd_p-d65,2477,2487,1.506,3
bfd_p-d65,2477,2491,1.20502,5
bfd_p-d65,2477,2485,0.964013,4
bfd_p-d65,2477,2492,1.43075,5
bfd_p-d65,2477,2499,0.782988,6
bfd_p-d65,2477,2459,0.994547,7
bfd_p-d65,2477,2497,1.24973,5
bfd_p-d65,2477,2460,1.86805,7
bfd_p-d65,2477,2498,0.572519,5
bfd_p-d65,2477,2496,1.29553,4
bfd_p-d65,2477,2468,0.557252,5
bfd_p-d65,2477,2472,0.661941,4
bfd_p-d65,2477,2467,1.65649,6
bfd_p-d65,2477,2495,1.80698,4
bfd_p-d65,578,559,1.73316,5
bfd_p-d65,578,591,3.17201,5
bfd_p-d65,578,579,2.51799,4
bfd_p-d65,578,614,2.3414,5
bfd_p-d65,578,587,2.91694,4
bfd_p-d65,578,613,1.58273,4
bfd_p-d65,578,612,1.51079,3
bfd_p-d65,578,608,1.8378,4
bfd_p-d65,578,584,2.13865,5
bfd_p-d65,578,670,1.63506,7
bfd_p-d65,578,681,2.81884,8
bfd_p-d65,578,648,2.91694,6
bfd_p-d65,578,448,3.64944,11
bfd_p-d65,578,503,2.9431,8
bfd_p-d65,578,501,2.31524,8
bfd_p-d65,578,599,1.75932,5
bfd_p-d65,578,507,3.42054,8
bfd_p-d65,578,663,2.26292,9
bfd_p-d65,578,519,2.13865,6
bfd_p-d65,524,532,0.816495,2
bfd_p-d65,524,531,1.94124,4
bfd_p-d65,524,508,1.37835,5
bfd_p-d65,524,537,1.42062,3
bfd_p-d65,524,530,1.53814,3
bfd_p-d65,524,547,2.19588,5
bfd_p-d65,524,543,1.49485,4
bfd_p-d65,524,536,1.83505,4
bfd_p-d65,524,533,1.78144,4
bfd_p-d65,524,520,2.49278,6
bfd_p-d65,524,517,1.90928,5
bfd_p-d65,524,542,2.2268,4
bfd_p-d65,524,544,1.07113,3
bfd_p-d65,524,558,1.56907,4
bfd_p-d65,524,527,0.869072,3
bfd_p-d65,524,564,0.614433,4
bfd_p-d65,524,577,0.774227,6
bfd_p-d65,524,638,1.32577,8
bfd_p-d65,524,460,1.87732,8
bfd_p-d65,524,565,2.25876,7
bfd_p-d65,524,572,0.996907,4
bfd_p-d65,524,610,2.71546,12
bfd_p-d65,524,421,2.2268,11
bfd_p-d65,524,609,1.25155,8
bfd_p-d65,1995,1970,1.38117,3
bfd_p-d65,1995,2026,1.60245,4
bfd_p-d65,1995,2016,1.542,3
bfd_p-d65,1995,2007,1.33823,3
bfd_p-d65,1995,1989,1.49284,3
bfd_p-d65,1995,1913,1.84143,5
bfd_p-d65,1995,1931,1.80603,4
bfd_p-d65,1995,1919,1.83842,5
bfd_p-d65,1995,1934,1.88211,5
bfd_p-d65,1995,1946,1.95217,4
bfd_p-d65,1995,1942,1.4838,4
bfd_p-d65,1995,1921,1.84746,5
bfd_p-d65,1995,1983,1.12411,4
bfd_p-d65,1995,1994,1.2968,3
bfd_p-d65,1995,2028,1.86969,4
bfd_p-d65,1995,2021,1.76062,3
bfd_p-d65,1995,1928,2.10525,4
bfd_p-d65,1995,1914,2.03652,5
bfd_p-d65,1995,1933,3.24916,6
bfd_p-d65,1995,1977,1.06969,2
bfd_p-d65,1995,1950,1.78091,5
bfd_p-d65,1995,2004,1.32363,2
bfd_p-d65,1995,1981,1.67924,2
bfd_p-d65,1995,1937,2.63484,4
bfd_p-d65,1995,1909,2.9494,9
bfd_p-d65,1995,1940,1.73938,4
bfd_p-d65,1855,1876,0.431398,3
bfd_p-d65,1855,1887,0.522515,3
bfd_p-d65,1855,1895,0.577836,3
bfd_p-d65,1855,1894,0.754529,3
bfd_p-d65,1855,1896,0.79912,3
bfd_p-d65,1855,1899,0.99015,4
bfd_p-d65,1855,1890,0.787951,3
bfd_p-d65,1855,1898,1.06579,6
bfd_p-d65,1855,1872,0.703958,3
bfd_p-d65,1855,1870,0.660422,3
bfd_p-d65,1855,1865,0.71504,4
bfd_p-d65,1855,1845,0.498417,3
bfd_p-d65,1855,1905,1.09587,6
bfd_p-d65,669,696,0.908344,2
bfd_p-d65,669,568,1.21445,7
bfd_p-d65,669,563,1.26202,7
bfd_p-d65,669,567,1.24857,7
bfd_p-d65,669,664,0.792902,2
bfd_p-d65,669,712,1.31258,5
bfd_p-d65,669,711,1.11519,5
bfd_p-d65,669,713,1.19614,4
bfd_p-d65,1881,1600,3.38,13
bfd_p-d65,1881,2174,5.57,18
bfd_p-d65,838,1184,3.49,14
bfd_p-d65,838,1074,3.04,12
bfd_p-d65,838,980,3.09,11
bfd_p-d65,1075,758,3.75,10
bfd_p-d65,781,757,3.9,12
bfd_p-d65,781,671,3.97,12
bfd_p-d65,673,987,4.38,15
bfd_p-d65,759,988,3.94,11
bfd_p-d65,781,1222,4.73,18
bfd_p-d65,1139,1441,3.52,14
bfd_p-d65,1902,2143,2.91,13
bfd_p-d65,1902,2199,4.3,20
bfd_p-d65,1902,2143,3.02,13
bfd_p-d65,1902,2199,4.14,20
bfd_p-d65,1968,1755,3.8,12
bfd_p-d65,1960,2176,3.51,13
bfd_p-d65,261,302,3.62,11
bfd_p-d65,280,216,2.97,10
bfd_p-d65,1067,1220,5.37,23
bfd_p-d65,1067,1081,4.92,17
bfd_p-d65,1067,835,3.97,12
bfd_p-d65,1067,725,3.64,12
bfd_p-d65,1080,724,5.52,25
bfd_p-d65,1219,836,5.02,18
bfd_p-d65,1106,811,3.37,11
bfd_p-d65,1675,1964,3.11,17
bfd_p-d65,1622,1929,3.02,19
bfd_p-d65,2005,1762,4.19,19
bfd_p-d65,2005,1584,5.29,28
bfd_p-d65,2005,1679,4.1,18
bfd_p-d65,2005,1829,4.14,12
bfd_p-d65,1830,2089,2.64,17
bfd_p-d65,1680,1813,2.88,9
bfd_p-d65,1852,1723,4.41,17
bfd_p-d65,1453,1624,3.47,13
bfd_p-d65,1414,1152,2.95,10
bfd_p-d65,1848,1594,3.93,12
bfd_p-d65,1886,2162,3.5,18
bfd_p-d65,1912,2184,3.91,20
bfd_p-d65,1918,1631,3.27,16
bfd_p-d65,185,236,2.98,13
bfd_p-d65,195,264,3.13,14
bfd_p-d65,829,635,3.95,15
bfd_p-d65,810,616,3.9,16
bfd_p-d65,2490,2363,3.45,18
bfd_p-d65,2476,2445,3.25,13
bfd_p-d65,570,465,3.24,10
bfd_p-d65,513,726,5.33,16
bfd_p-d65,2490,2363,3.64,18
bfd_p-d65,2476,2445,2.61,13
bfd_p-d65,2011,1710,3.82,15
bfd_p-d65,1947,2192,3.45,16
bfd_p-d65,2011,1710,3.28,15
bfd_p-d65,1947,2192,3.2,16
bfd_p-d65,541,739,4.07,14
bfd_p-d65,555,326,5.79,19
bfd_p-d65,36,123,4.17,10
bfd_p-d65,36,19,4.28,10
bfd_p-d65,2486,2458,1.428,7
bfd_p-d65,2333,2322,1.498,6
bfd_p-d65,2314,2298,1.288,5
bfd_p-d65,2208,2153,1.498,6
bfd_p-d65,1856,1775,1.4,5
bfd_p-d65,1123,1073,1.26,3
bfd_p-d65,691,627,1.414,4
bfd_p-d65,493,469,1.484,2
bfd_p-d65,112,105,1.442,2
bfd_p-d65,21,20,1.736,3
bfd_p-d65,7,6,1.47,3
bfd_p-d65,5,4,1.344,2
bfd_p-d65,2,1,1.386,4
bfd_p-d65,3,0,1.246,5
bfd_p-d65,1971,1861,1.624,7
bfd_p-d65,1681,1601,1.232,4
bfd_p-d65,775,738,1.288,3
bfd_p-d65,685,640,1.372,4
bfd_p-d65,442,404,1.036,4
bfd_p-d65,97,80,1.372,3
bfd_p-d65,2355,2329,1.316,10
bfd_p-d65,2317,2293,1.386,8
bfd_p-d65,2175,2130,1.232,5
bfd_p-d65,1532,1479,1.484,5
bfd_p-d65,1084,931,1.512,5
bfd_p-d65,585,538,1.26,4
bfd_p-d65,417,331,1.176,4
bfd_p-d65,2316,2299,0.98,6
bfd_p-d65,2110,1980,1.414,5
bfd_p-d65,1641,1595,1.162,4
bfd_p-d65,1487,1440,1.176,4
bfd_p-d65,702,657,1.302,4
bfd_p-d65,518,496,1.176,2
bfd_p-d65,286,260,1.554,4
bfd_p-d65,2296,2265,1.274,5
bfd_p-d65,2294,2231,1.652,9
bfd_p-d65,2286,2230,1.372,7
bfd_p-d65,2187,2104,1.624,10
bfd_p-d65,1438,1377,1.19,5
bfd_p-d65,1201,1101,0.98,5
bfd_p-d65,788,728,1.33,5
bfd_p-d65,1557,1556,1.39,8
bfd_p-d65,1540,1578,2.36,14
bfd_p-d65,1579,1545,2.59,4
bfd_p-d65,1719,1740,2.18,5
bfd_p-d65,1741,1736,2.69,2
bfd_p-d65,1741,1776,3.06,3
bfd_p-d65,1731,1821,1.94,5
bfd_p-d65,1731,1785,1.44,3
bfd_p-d65,1731,1683,0.89,3
bfd_p-d65,1744,1792,2.04,3
bfd_p-d65,1791,1782,2.56,2
bfd_p-d65,1695,1747,1.6,4
bfd_p-d65,1721,1787,1.2,3
bfd_p-d65,1721,1698,1.0,3
bfd_p-d65,1721,1750,0.98,3
bfd_p-d65,1877,1873,1.43,2
bfd_p-d65,1877,1892,1.69,3
bfd_p-d65,1891,1854,2.23,4
bfd_p-d65,2012,2074,2.38,5
bfd_p-d65,2075,2035,2.45,3
bfd_p-d65,2119,2001,3.38,11
bfd_p-d65,2119,2105,2.12,4
bfd_p-d65,192,180,1.03,2
bfd_p-d65,192,183,1.15,4
bfd_p-d65,182,190,0.76,3
bfd_p-d65,193,191,1.25,2
bfd_p-d65,193,200,0.89,3
bfd_p-d65,187,189,1.2,2
bfd_p-d65,187,181,0.6,3
bfd_p-d65,176,186,0.72,3
bfd_p-d65,154,174,2.29,8
bfd_p-d65,140,155,3.07,7
bfd_p-d65,140,175,2.25,7
bfd_p-d65,589,617,1.74,6
bfd_p-d65,603,554,2.59,5
bfd_p-d65,615,560,2.68,6
bfd_p-d65,603,561,3.08,6
bfd_p-d65,562,597,1.28,6
bfd_p-d65,549,581,1.66,5
bfd_p-d65,549,569,2.4,4
bfd_p-d65,549,646,2.79,8
bfd_p-d65,549,602,2.6,5
bfd_p-d65,549,500,2.25,7
bfd_p-d65,549,514,2.82,7
bfd_p-d65,549,510,2.42,7
bfd_p-d65,549,593,1.76,7
bfd_p-d65,549,624,2.4,8
bfd_p-d65,549,525,3.66,6
bfd_p-d65,509,592,2.19,7
bfd_p-d65,626,526,2.95,8
bfd_p-d65,583,645,1.81,6
bfd_p-d65,545,535,0.92,2
bfd_p-d65,545,512,2.15,6
bfd_p-d65,604,625,2.28,6
bfd_p-d65,540,521,1.63,4
bfd_p-d65,523,553,1.82,4
bfd_p-d65,601,618,2.16,6
bfd_p-d65,529,522,1.36,4
bfd_p-d65,1900,1976,2.08,7
bfd_p-d65,1975,1958,2.3,2
bfd_p-d65,1959,1967,1.37,2
bfd_p-d65,1901,1908,4.44,7
bfd_p-d65,1901,1986,3.17,8
bfd_p-d65,1901,2027,3.24,9
bfd_p-d65,1901,1974,2.45,7
bfd_p-d65,1915,1954,2.44,4
bfd_p-d65,1956,1922,1.36,3
bfd_p-d65,1915,1925,2.69,3
bfd_p-d65,1993,1923,1.87,4
bfd_p-d65,262,276,0.86,3
bfd_p-d65,262,281,0.98,5
bfd_p-d65,282,272,0.99,12
bfd_p-d65,279,257,0.92,5
bfd_p-d65,279,227,1.34,9
bfd_p-d65,270,283,2.06,18
bfd_p-d65,1062,1116,1.31,6
bfd_p-d65,1062,921,1.2,10
bfd_p-d65,1115,1068,1.51,10
bfd_p-d65,1066,845,1.36,7
bfd_p-d65,991,1083,1.21,9
bfd_p-d65,1097,1063,1.39,12
bfd_p-d65,1058,908,1.36,11
bfd_p-d65,1685,1833,1.55,7
bfd_p-d65,1682,1621,0.9,6
bfd_p-d65,1599,1618,1.34,13
bfd_p-d65,1614,1687,3.3,6
bfd_p-d65,2044,1972,1.44,5
bfd_p-d65,2044,2029,1.79,4
bfd_p-d65,2044,2069,1.12,4
bfd_p-d65,2061,1991,1.62,7
bfd_p-d65,1992,1997,1.66,5
bfd_p-d65,1998,2068,1.82,4
bfd_p-d65,776,840,0.95,6
bfd_p-d65,839,796,0.81,5
bfd_p-d65,978,850,1.3,6
bfd_p-d65,791,858,1.79,10
bfd_p-d65,791,752,2.02,6
bfd_p-d65,766,831,0.87,6
bfd_p-d65,552,550,1.0,2
bfd_p-d65,552,539,1.45,6
bfd_p-d65,552,566,0.89,5
bfd_p-d65,1598,1605,1.43,2
bfd_p-d65,1598,1567,0.96,4
bfd_p-d65,1606,1561,1.51,5
bfd_p-d65,2217,2233,2.99,8
bfd_p-d65,2182,2171,1.64,3
bfd_p-d65,2170,2144,2.49,5
bfd_p-d65,2137,2180,3.43,8
bfd_p-d65,2177,2168,2.04,4
bfd_p-d65,1131,1183,0.98,5
bfd_p-d65,1181,1103,1.16,10
bfd_p-d65,1122,1127,1.66,6
bfd_p-d65,1211,1100,1.78,15
bfd_p-d65,1130,1099,0.82,2
bfd_p-d65,2242,2172,3.4,17
bfd_p-d65,2206,2181,2.8,10
bfd_p-d65,2206,2202,2.5,3
bfd_p-d65,2206,2195,4.03,6
bfd_p-d65,1011,912,3.1,5
bfd_p-d65,1011,989,2.23,6
bfd_p-d65,1048,1105,2.59,7
bfd_p-d65,1048,1033,3.29,7
bfd_p-d65,694,688,2.16,8
bfd_p-d65,731,765,1.89,8
bfd_p-d65,700,723,1.67,5
bfd_p-d65,700,743,2.95,10
bfd_p-d65,2152,2186,2.32,9
bfd_p-d65,2091,2092,2.17,6
bfd_p-d65,1938,1996,3.9,11
bfd_p-d65,1938,2056,2.02,7
bfd_p-d65,1558,1553,1.48,3
bfd_p-d65,1552,1588,3.05,6
bfd_p-d65,1587,1559,3.84,5
bfd_p-d65,1727,1778,2.1,16
bfd_p-d65,833,1002,2.3,8
bfd_p-d65,817,823,1.95,4
bfd_p-d65,817,825,2.11,5
bfd_p-d65,1159,1128,1.89,7
bfd_p-d65,1125,1118,1.93,4
bfd_p-d65,891,900,1.84,5
bfd_p-d65,899,1055,2.04,8
bfd_p-d65,1056,893,2.68,7
bfd_p-d65,2052,1926,1.67,9
bfd_p-d65,1924,1945,1.85,3
bfd_p-d65,1944,2050,2.85,8
bfd_p-d65,1245,1383,1.92,7
bfd_p-d65,1382,1269,1.82,6
bfd_p-d65,1328,1348,2.33,4
bfd_p-d65,827,903,2.45,7
bfd_p-d65,904,1000,3.09,20
bfd_p-d65,827,999,2.22,22
bfd_p-d65,414,447,2.15,7
bfd_p-d65,445,407,1.56,5
bfd_p-d65,445,429,2.05,6
bfd_p-d65,298,312,0.97,7
bfd_p-d65,311,293,1.59,11
bfd_p-d65,298,294,1.05,4
bfd_p-d65,495,475,1.83,5
bfd_p-d65,495,486,1.17,3
bfd_p-d65,479,487,2.17,4
bfd_p-d65,745,798,3.59,7
bfd_p-d65,797,783,2.05,4
bfd_p-d65,764,813,2.39,8
bfd_p-d65,1341,1327,2.01,5
bfd_p-d65,1341,1374,2.58,8
bfd_p-d65,1335,1400,1.77,10
bfd_p-d65,86,94,2.25,5
bfd_p-d65,652,650,0.88,6
bfd_p-d65,652,690,1.17,7
bfd_p-d65,582,641,1.78,10
bfd_p-d65,2150,2146,1.14,5
bfd_p-d65,2163,2131,3.13,5
bfd_p-d65,2163,2145,2.08,5
bfd_p-d65,1425,1402,2.01,25
bfd_p-d65,1403,1446,2.98,8
bfd_p-d65,1425,1445,3.53,31
bfd_p-d65,1337,1394,2.74,15
bfd_p-d65,1395,1379,2.5,6
bfd_p-d65,1337,1378,3.1,15
bfd_p-d65,1570,1569,2.94,6
bfd_p-d65,1568,1607,3.44,10
bfd_p-d65,1570,1608,4.0,7
bfd_p-d65,1482,1436,3.57,18
bfd_p-d65,1435,1416,1.87,16
bfd_p-d65,1482,1415,4.82,34
bfd_p-d65,1907,1904,1.04,21
bfd_p-d65,588,662,2.39,31
bfd_p-d65,546,575,1.84,8
bfd_p-d65,546,557,2.21,4
bfd_p-d65,556,534,1.81,4
bfd_p-d65,2034,2017,3.19,9
bfd_p-d65,2018,1920,4.06,8
bfd_p-d65,2023,1939,4.15,9
bfd_p-d65,2494,2500,3.6,6
bfd_p-d65,2494,2489,3.26,5
bfd_p-d65,2494,2501,3.85,8
bfd_p-d65,2362,2365,1.54,2
bfd_p-d65,2364,2361,4.59,6
bfd_p-d65,2362,2360,4.7,6
bfd_p-d65,2288,2284,5.33,10
bfd_p-d65,2288,2260,5.5,8
bfd_p-d65,2259,2269,5.3,5
bfd_p-d65,1256,1296,3.04,4
bfd_p-d65,1209,1246,2.7,6
bfd_p-d65,1154,1292,3.63,7
bfd_p-d65,1714,1711,4.25,5
bfd_p-d65,1708,1753,3.17,3
bfd_p-d65,1714,1752,2.92,6
bfd_p-d65,1686,1667,3.32,6
bfd_p-d65,1686,1718,3.96,8
bfd_p-d65,1638,1665,3.42,3
bfd_p-d65,792,801,2.83,3
bfd_p-d65,800,747,3.49,6
bfd_p-d65,792,746,4.17,4
bfd_p-d65,54,30,1.84,2
bfd_p-d65,31,26,4.26,3
bfd_p-d65,39,57,1.39,2
bfd_p-d65,2421,2428,2.26,12
bfd_p-d65,2427,2424,1.38,3
bfd_p-d65,2426,2450,1.63,4
bfd_p-d65,2323,2324,3.45,12
bfd_p-d65,2325,2327,2.69,4
bfd_p-d65,2323,2328,4.74,11
bfd_p-d65,2067,2113,2.64,5
bfd_p-d65,2067,2022,2.83,5
bfd_p-d65,2055,2066,3.17,12
bfd_p-d65,2055,2098,2.77,11
bfd_p-d65,1734,1715,3.53,15
bfd_p-d65,1735,1700,3.27,4
bfd_p-d65,1734,1701,2.71,9
bfd_p-d65,1114,1111,1.2,5
bfd_p-d65,1112,1168,3.48,5
bfd_p-d65,1169,1109,3.73,6
bfd_p-d65,1107,1108,2.23,8
bfd_p-d65,1107,1121,2.09,3
bfd_p-d65,327,399,2.61,5
bfd_p-d65,398,338,2.02,4
bfd_p-d65,339,332,1.12,7
bfd_p-d65,402,391,1.56,2
bfd_p-d65,334,392,2.19,3
bfd_p-d65,1910,1979,4.12,9
bfd_p-d65,1978,2013,4.12,5
bfd_p-d65,2010,1941,2.76,6
bfd_p-d65,1516,1505,3.22,4
bfd_p-d65,1504,1484,4.0,8
bfd_p-d65,1516,1483,4.21,12
bfd_p-d65,1577,1550,3.09,7
bfd_p-d65,1549,1589,5.05,12
bfd_p-d65,1577,1590,3.33,5
bfd_p-d65,1120,1089,3.23,7
bfd_p-d65,1088,1138,3.36,7
bfd_p-d65,1120,1137,3.61,6
bfd_p-d65,458,451,2.32,4
bfd_p-d65,450,453,2.39,4
bfd_p-d65,452,474,1.81,5
bfd_p-d65,27,24,1.76,4
bfd_p-d65,25,23,2.25,3
bfd_p-d65,27,22,1.85,3
bfd_p-d65,2147,2160,2.68,6
bfd_p-d65,2159,2189,2.25,7
bfd_p-d65,2147,2188,3.4,12
bfd_p-d65,1237,1392,3.19,10
bfd_p-d65,1391,1318,2.26,5
bfd_p-d65,1237,1317,2.2,5
bfd_p-d65,128,151,2.64,3
bfd_p-d65,150,147,1.68,2
bfd_p-d65,128,148,2.86,3
bfd_p-d65,2326,2320,5.44,11
bfd_p-d65,2321,2318,2.14,4
bfd_p-d65,2326,2319,6.34,15
bfd_p-d65,1843,1874,3.01,8
bfd_p-d65,1875,1849,2.99,4
bfd_p-d65,1843,1850,3.33,8
bfd_p-d65,826,834,2.51,6
bfd_p-d65,832,849,5.27,4
bfd_p-d65,826,848,3.93,7
bfd_p-d65,211,206,2.16,4
bfd_p-d65,205,204,2.89,2
bfd_p-d65,211,203,4.46,5
bfd_p-d65,1455,1457,1.75,5
bfd_p-d65,1474,1476,1.88,5
bfd_p-d65,1486,1480,2.36,7
bfd_p-d65,1486,1463,2.64,7
bfd_p-d65,1481,1470,2.5,5
bfd_p-d65,1424,1426,2.18,3
bfd_p-d65,1408,1350,2.51,4
bfd_p-d65,1315,1261,3.08,3
bfd_p-d65,1226,1206,2.61,2
bfd_p-d65,1226,1204,3.03,2
bfd_p-d65,1104,1094,2.78,3
bfd_p-d65,852,795,2.49,5
bfd_p-d65,735,748,2.53,6
bfd_p-d65,687,698,2.15,6
bfd_p-d65,701,686,2.32,8
bfd_p-d65,679,693,1.93,6
bfd_p-d65,672,695,2.7,6
bfd_p-d65,715,716,1.53,3
bfd_p-d65,741,790,1.85,6
bfd_p-d65,890,1028,1.93,7
bfd_p-d65,1086,1132,2.11,7
bfd_p-d65,1119,1149,2.36,6
bfd_p-d65,1221,1281,2.15,5
bfd_p-d65,1280,1357,2.34,7
bfd_p-d65,1387,1412,2.41,5
bfd_p-d65,1432,1447,2.09,6
bfd_p-d65,1422,1444,2.58,6
bfd_p-d65,1439,1459,1.8,5
bfd_p-d65,1439,1454,2.29,6
bfd_p-d65,1161,1182,1.72,6
bfd_p-d65,1202,1231,2.17,6
bfd_p-d65,1560,1593,2.06,5
bfd_p-d65,1527,1490,1.47,9
bfd_p-d65,2258,2252,1.67,3
bfd_p-d65,2278,2253,2.34,6
bfd_p-d65,1496,1477,2.3,7
bfd_p-d65,628,595,1.63,10
bfd_p-d65,515,485,1.78,28
bfd_p-d65,406,444,1.87,11
bfd_p-d65,684,706,3.02,9
bfd_p-d65,755,812,1.69,6
bfd_p-d65,1215,1241,1.95,9
bfd_p-d65,1143,1167,1.1,5
bfd_p-d65,1143,1217,1.89,7
bfd_p-d65,707,710,2.69,8
bfd_p-d65,1893,1880,2.62,8
bfd_p-d65,1597,1592,2.12,7
bfd_p-d65,1525,1489,1.97,9
bfd_p-d65,2271,2250,2.75,6
bfd_p-d65,629,600,1.67,10
bfd_p-d65,683,705,3.66,10
bfd_p-d65,240,277,2.87,10
bfd_p-d65,240,258,3.22,11
bfd_p-d65,516,502,2.5,7
bfd_p-d65,516,528,2.14,9
bfd_p-d65,322,320,2.24,7
bfd_p-d65,794,915,4.16,10
bfd_p-d65,1042,1092,4.93,13
bfd_p-d65,1124,1133,5.05,9
bfd_p-d65,333,415,4.09,40
bfd_p-d65,1620,1677,1.9,13
bfd_p-d65,1620,1632,3.04,30
bfd_p-d65,1620,1613,2.77,16
bfd_p-d65,1620,1602,3.03,20
bfd_p-d65,1620,1609,2.61,17
bfd_p-d65,1620,1612,3.83,18
bfd_p-d65,1620,1562,4.28,21
bfd_p-d65,1620,1611,4.6,16
bfd_p-d65,1620,1783,4.35,10
bfd_p-d65,1620,1566,2.91,7
bfd_p-d65,1620,1591,3.63,7
bfd_p-d65,1620,1697,3.36,8
bfd_p-d65,1620,1717,3.18,7
bfd_p-d65,1620,1784,3.13,10
bfd_p-d65,1620,1707,2.4,15
bfd_p-d65,2136,2173,4.26087,8
bfd_p-d65,2136,2129,0.84058,3
bfd_p-d65,2136,2128,2.89855,4
bfd_p-d65,2136,2122,1.21739,4
bfd_p-d65,2136,2133,1.91304,6
bfd_p-d65,2136,2141,3.15942,7
bfd_p-d65,2136,2157,0.898551,3
bfd_p-d65,2136,2115,2.69565,5
bfd_p-d65,2136,2118,1.91304,4
bfd_p-d65,2136,2099,3.18841,7
bfd_p-d65,2136,2151,1.7971,3
bfd_p-d65,2136,2107,2.37681,7
bfd_p-d65,2136,2127,1.30435,6
bfd_p-d65,2136,2142,1.33333,3
bfd_p-d65,2224,2245,3.53075,7
bfd_p-d65,2224,2205,1.5262,4
bfd_p-d65,2224,2219,0.592255,3
bfd_p-d65,2224,2254,2.18679,9
bfd_p-d65,2224,2243,2.36902,8
bfd_p-d65,2224,2222,1.23007,2
bfd_p-d65,2224,2232,2.2779,5
bfd_p-d65,2224,2210,1.27563,4
bfd_p-d65,2224,2205,2.96128,4
bfd_p-d65,2224,2235,1.68565,2
bfd_p-d65,2224,2214,2.2779,3
bfd_p-d65,2224,2244,1.50342,6
bfd_p-d65,2224,2220,1.93622,2
bfd_p-d65,2224,2207,1.82232,6
bfd_p-d65,918,985,2.52157,3
bfd_p-d65,918,1044,0.594439,3
bfd_p-d65,918,914,1.15053,2
bfd_p-d65,918,864,1.57239,3
bfd_p-d65,918,1022,0.642378,3
bfd_p-d65,918,1064,0.958773,5
bfd_p-d65,918,862,0.699904,2
bfd_p-d65,918,968,0.488974,2
bfd_p-d65,918,799,1.17929,5
bfd_p-d65,918,1014,1.79291,3
bfd_p-d65,918,946,1.43816,3
bfd_p-d65,918,1023,0.958773,3
bfd_p-d65,918,1035,1.61074,5
bfd_p-d65,718,740,0.899281,4
bfd_p-d65,718,732,1.11511,2
bfd_p-d65,718,727,0.707434,3
bfd_p-d65,718,729,1.05516,2
bfd_p-d65,718,709,1.31894,8
bfd_p-d65,718,720,0.683453,3
bfd_p-d65,718,742,1.91847,4
bfd_p-d65,718,703,1.1271,6
bfd_p-d65,718,714,1.7506,5
bfd_p-d65,718,697,2.63789,9
bfd_p-d65,718,809,1.4988,10
bfd_p-d65,718,719,1.19904,2
bfd_p-d65,718,760,1.64269,5
bfd_p-d65,718,734,1.13909,2
bfd_p-d65,2000,1985,2.10309,6
bfd_p-d65,2000,2032,2.06186,7
bfd_p-d65,2000,2015,3.50515,8
bfd_p-d65,2000,1966,1.62887,3
bfd_p-d65,2000,2070,4.8866,13
bfd_p-d65,2000,1952,2.28866,7
bfd_p-d65,2000,2073,3.36082,9
bfd_p-d65,2000,1911,3.48454,10
bfd_p-d65,2000,1999,1.95876,5
bfd_p-d65,2000,2020,1.54639,2
bfd_p-d65,2000,1982,1.60825,4
bfd_p-d65,2000,1962,3.52577,9
bfd_p-d65,2000,1973,1.89691,6
bfd_p-d65,2000,2024,1.6701,6
bfd_p-d65,2000,1988,1.01031,2
bfd_p-d65,2000,1935,2.06186,8
bfd_p-d65,2000,1943,2.2268,5
bfd_p-d65,2000,1953,1.38144,4
bfd_p-d65,2000,1957,2.76289,9
bfd_p-d65,1203,1180,2.8,3
bfd_p-d65,1203,1162,2.16364,3
bfd_p-d65,1203,1310,1.63636,5
bfd_p-d65,1203,1240,1.54545,3
bfd_p-d65,1203,1230,2.90909,5
bfd_p-d65,1203,1155,2.45455,3
bfd_p-d65,1203,1244,0.963636,3
bfd_p-d65,1203,1243,1.63636,2
bfd_p-d65,1203,1309,2.27273,5
bfd_p-d65,1203,1308,3.0,5
bfd_p-d65,1203,1228,1.45455,2
bfd_p-d65,1203,1300,2.36364,5
bfd_p-d65,1203,1207,1.81818,2
bfd_p-d65,590,607,1.35685,2
bfd_p-d65,590,606,1.35685,3
bfd_p-d65,590,580,1.64179,4
bfd_p-d65,590,586,1.49254,3
bfd_p-d65,590,611,1.66893,3
bfd_p-d65,590,659,1.89959,6
bfd_p-d65,590,551,1.83175,6
bfd_p-d65,590,571,1.12619,2
bfd_p-d65,590,576,1.27544,2
bfd_p-d65,590,647,1.56038,5
bfd_p-d65,590,594,2.34735,4
bfd_p-d65,590,642,1.89959,5
bfd_p-d65,590,622,1.35685,4
bfd_p-d65,2140,2155,1.00534,3
bfd_p-d65,2140,2165,0.596085,4
bfd_p-d65,2140,2121,1.45018,4
bfd_p-d65,2140,2169,1.56584,4
bfd_p-d65,2140,2096,0.836299,5
bfd_p-d65,2140,2167,1.97509,4
bfd_p-d65,2140,2263,2.38434,15
bfd_p-d65,2140,2108,1.75267,5
bfd_p-d65,2140,2264,1.77936,16
bfd_p-d65,2140,2166,0.569395,3
bfd_p-d65,2140,2158,1.61032,3
bfd_p-d65,2140,2246,1.74377,14
bfd_p-d65,2140,2102,1.77936,6
bfd_p-d65,2140,2064,2.09075,7
bfd_p-d65,2140,2247,1.9395,12
bfd_p-d65,2140,2185,1.36121,6
bfd_p-d65,2140,2178,2.34875,7
bfd_p-d65,2140,2261,1.90391,17
bfd_p-d65,2140,1927,3.10498,14
bfd_p-d65,2140,2240,1.98399,12
bfd_p-d65,2140,2256,3.20285,16
bfd_p-d65,2140,2272,3.16726,16
bfd_p-d65,2140,2238,2.41103,13
bfd_p-d65,2140,2097,1.70819,7
bfd_p-d65,2140,2125,0.898577,3
bfd_p-d65,2140,2126,1.76157,3
bfd_p-d65,2140,2116,1.97509,12
bfd_p-d65,2140,2138,0.462633,3
bfd_p-d65,2225,2203,0.220327,4
bfd_p-d65,2225,2201,1.74129,5
bfd_p-d65,2225,2197,0.618337,5
bfd_p-d65,2225,2194,1.46411,3
bfd_p-d65,2225,2216,0.817342,4
bfd_p-d65,2225,2183,2.48045,4
bfd_p-d65,2225,2239,1.59915,5
bfd_p-d65,2225,2193,0.312722,4
bfd_p-d65,2225,2241,1.44989,4
bfd_p-d65,2225,2112,3.12011,14
bfd_p-d65,2225,2209,1.22246,4
bfd_p-d65,2225,2213,0.319829,2
bfd_p-d65,2225,2212,0.938166,3
bfd_p-d65,2225,2229,1.43568,2
bfd_p-d65,2225,2200,1.22246,3
bfd_p-d65,2225,2211,1.70576,4
bfd_p-d65,2225,2204,1.24378,5
bfd_p-d65,2225,2215,2.32409,4
bfd_p-d65,2225,2237,1.1656,3
bfd_p-d65,2225,2191,1.29353,5
bfd_p-d65,2225,2190,0.533049,4
bfd_p-d65,2225,2161,1.9403,8
bfd_p-d65,2225,2196,1.60625,3
bfd_p-d65,2225,2179,2.3312,8
bfd_p-d65,2225,2154,3.95167,9
bfd_p-d65,2225,2223,2.26724,3
bfd_p-d65,2225,2198,0.696517,5
bfd_p-d65,1013,1065,1.08359,3
bfd_p-d65,1013,869,0.629515,3
bfd_p-d65,1013,1038,0.985552,2
bfd_p-d65,1013,1012,1.30031,2
bfd_p-d65,1013,855,1.44995,5
bfd_p-d65,1013,927,1.00103,2
bfd_p-d65,1013,1036,1.59443,3
bfd_p-d65,1013,1047,0.835913,2
bfd_p-d65,1013,1060,1.56863,4
bfd_p-d65,1013,1043,1.32095,2
bfd_p-d65,1013,951,0.381837,2
bfd_p-d65,1013,877,1.46543,4
bfd_p-d65,1013,873,0.892673,3
bfd_p-d65,1013,1053,1.45511,3
bfd_p-d65,1013,1052,0.443756,2
bfd_p-d65,1013,1050,0.624355,2
bfd_p-d65,1013,1051,0.794634,2
bfd_p-d65,708,804,1.95985,7
bfd_p-d65,708,736,2.17973,5
bfd_p-d65,708,861,3.34608,13
bfd_p-d65,708,894,1.47228,9
bfd_p-d65,708,806,0.917782,7
bfd_p-d65,708,830,2.81071,9
bfd_p-d65,708,761,1.08031,5
bfd_p-d65,708,814,2.31358,10
bfd_p-d65,708,784,2.11281,10
bfd_p-d65,708,753,2.12237,10
bfd_p-d65,708,769,1.28107,8
bfd_p-d65,708,779,1.33843,8
bfd_p-d65,708,815,1.64436,8
bfd_p-d65,708,897,1.35755,10
bfd_p-d65,708,733,1.31931,3
bfd_p-d65,708,805,0.8413,7
bfd_p-d65,708,763,1.20459,6
bfd_p-d65,708,770,0.965583,5
bfd_p-d65,708,774,0.975143,7
bfd_p-d65,708,857,3.09751,11
bfd_p-d65,708,932,1.88337,13
bfd_p-d65,708,854,3.24092,10
bfd_p-d65,708,808,2.55258,12
bfd_p-d65,708,717,2.3327,6
bfd_p-d65,708,722,2.32314,6
bfd_p-d65,708,853,3.01147,12
bfd_p-d65,708,846,2.78203,9
bfd_p-d65,708,837,1.56788,9
bfd_p-d65,708,828,1.52008,7
bfd_p-d65,2039,2031,0.427529,2
bfd_p-d65,2039,2071,0.745568,3
bfd_p-d65,2039,2051,1.73097,2
bfd_p-d65,2039,2082,1.80918,3
bfd_p-d65,2039,2030,0.948905,3
bfd_p-d65,2039,2054,0.469239,2
bfd_p-d65,2039,2083,1.38686,3
bfd_p-d65,2039,1969,1.73618,5
bfd_p-d65,2039,2087,0.990615,5
bfd_p-d65,2039,2009,1.45985,3
bfd_p-d65,2039,2019,0.907195,3
bfd_p-d65,2039,1963,1.73097,8
bfd_p-d65,2039,2059,0.255474,2
bfd_p-d65,2039,1948,2.14807,8
bfd_p-d65,2039,2014,0.980188,4
bfd_p-d65,2039,2057,0.281543,2
bfd_p-d65,2039,1984,1.61627,7
bfd_p-d65,2039,2025,0.834202,3
bfd_p-d65,2039,1987,1.45985,6
bfd_p-d65,2039,2081,1.08446,3
bfd_p-d65,2039,2080,2.03858,4
bfd_p-d65,2039,2111,1.73097,7
bfd_p-d65,2039,2062,0.943691,2
bfd_p-d65,1223,1247,2.51111,2
bfd_p-d65,1223,1214,2.51111,2
bfd_p-d65,1223,1165,3.38519,4
bfd_p-d65,1223,1172,0.977778,2
bfd_p-d65,1223,1177,0.325926,2
bfd_p-d65,1223,1147,1.91852,4
bfd_p-d65,1223,1208,3.17778,6
bfd_p-d65,1223,1276,3.7037,3
bfd_p-d65,1223,1216,3.18519,3
bfd_p-d65,1223,1236,1.7037,2
bfd_p-d65,1223,1233,3.0963,2
bfd_p-d65,1223,1284,1.06667,2
bfd_p-d65,1223,1117,2.96296,6
bfd_p-d65,1223,1163,0.888889,2
bfd_p-d65,1223,1270,2.88148,4
bfd_p-d65,1223,1218,3.28889,2
bfd_p-d65,1223,1153,3.4,4
bfd_p-d65,1223,1190,2.04444,4
bfd_p-d65,1223,1189,3.8963,3
bfd_p-d65,1223,1178,2.8,3
bfd_p-d65,1223,1227,1.81481,2
bfd_p-d65,1223,1140,1.25926,3
bfd_p-d65,1223,1277,1.47407,3
bfd_p-d65,1223,1157,2.72593,4
bfd_p-d65,1651,1644,2.07626,3
bfd_p-d65,1651,1642,2.03748,3
bfd_p-d65,1651,1645,1.14551,2
bfd_p-d65,1651,1634,1.8217,3
bfd_p-d65,1651,1648,1.77933,3
bfd_p-d65,1651,1678,1.8217,3
bfd_p-d65,1651,1659,1.75789,2
bfd_p-d65,1651,1658,1.86341,2
bfd_p-d65,1651,1660,1.77933,2
bfd_p-d65,1651,1689,1.72176,3
bfd_p-d65,1651,1693,2.49783,4
bfd_p-d65,1651,1692,2.07626,3
bfd_p-d65,1651,1672,2.05693,2
bfd_p-d65,1651,1690,1.99162,3
bfd_p-d65,1651,1663,2.01137,3
bfd_p-d65,1651,1654,1.67774,2
bfd_p-d65,1651,1657,2.03748,4
bfd_p-d65,1651,1643,1.34424,2
bfd_p-d65,1651,1652,1.89089,4
bfd_p-d65,1651,1846,1.64045,7
bfd_p-d65,1651,1885,2.17113,9
bfd_p-d65,1651,1868,2.22064,8
bfd_p-d65,1651,1844,2.01137,8
bfd_p-d65,1651,1824,2.20215,6
bfd_p-d65,1651,1842,1.99162,8
bfd_p-d65,1651,1837,2.58759,8
bfd_p-d65,1651,1828,2.03748,7
bfd_p-d65,1651,1739,1.72176,4
bfd_p-d65,1651,1713,2.09546,3
bfd_p-d65,1651,1668,1.55636,2
bfd_p-d65,1651,1635,1.2294,2
bfd_p-d65,1651,1603,1.67774,4
bfd_p-d65,1651,1596,1.75789,4
bfd_p-d65,1651,1530,2.20215,8
bfd_p-d65,1651,1565,1.64045,6
bfd_p-d65,1651,1509,2.51482,9
bfd_p-d65,1651,1494,1.97175,9
bfd_p-d65,1651,1524,1.93161,7
bfd_p-d65,1651,1473,2.15239,12
bfd_p-d65,1651,1573,1.52502,5
bfd_p-d65,1651,1475,2.01137,11
bfd_p-d65,1651,1834,1.69985,6
bfd_p-d65,1651,1853,1.89089,8
bfd_p-d65,1651,1867,1.99162,8
bfd_p-d65,1651,1818,1.75789,5
bfd_p-d65,1651,1836,1.84263,6
bfd_p-d65,1651,1832,1.8217,6
bfd_p-d65,1651,1757,1.17392,3
bfd_p-d65,1651,1831,2.03748,6
bfd_p-d65,1651,1767,1.64045,4
bfd_p-d65,1651,1702,1.14551,2
bfd_p-d65,1651,1706,1.99162,3
bfd_p-d65,1651,1604,2.07626,3
bfd_p-d65,1651,1610,1.27438,2
bfd_p-d65,1651,1581,1.75789,5
bfd_p-d65,1651,1533,2.09546,7
bfd_p-d65,1651,1536,2.01137,6
bfd_p-d65,1651,1501,2.09546,9
bfd_p-d65,1651,1521,2.07626,8
bfd_p-d65,1651,1551,1.55636,6
bfd_p-d65,1651,1497,2.07626,9
bfd_p-d65,1651,1492,1.93161,9
bfd_p-d65,1302,1340,1.241,3
bfd_p-d65,1302,1372,1.86844,6
bfd_p-d65,1302,1359,1.59683,5
bfd_p-d65,1302,1352,1.11241,3
bfd_p-d65,1302,1384,1.67256,6
bfd_p-d65,1302,1385,1.83677,6
bfd_p-d65,1302,1366,1.14763,4
bfd_p-d65,1302,1397,2.33995,7
bfd_p-d65,1302,1360,1.38446,3
bfd_p-d65,1302,1373,2.20169,5
bfd_p-d65,1302,1332,1.36126,2
bfd_p-d65,1302,1368,1.77882,4
bfd_p-d65,1302,1330,1.31404,2
bfd_p-d65,1302,1326,1.25748,2
bfd_p-d65,1302,1339,1.94303,2
bfd_p-d65,1302,1349,1.25748,2
bfd_p-d65,1302,1343,2.00376,4
bfd_p-d65,1302,1304,1.14763,2
bfd_p-d65,1302,1293,2.72078,6
bfd_p-d65,1302,1285,1.25748,4
bfd_p-d65,1302,1266,0.903218,3
bfd_p-d65,1302,1210,1.97962,6
bfd_p-d65,1302,1238,0.933556,3
bfd_p-d65,1302,1212,1.86844,6
bfd_p-d65,1302,1448,1.241,9
bfd_p-d65,1302,1411,0.882611,5
bfd_p-d65,1302,1465,1.70624,11
bfd_p-d65,1302,1466,2.09263,12
bfd_p-d65,1302,1418,0.892955,6
bfd_p-d65,1302,1462,2.02174,12
bfd_p-d65,1302,1413,1.28192,6
bfd_p-d65,1302,1430,1.93073,9
bfd_p-d65,1302,1399,1.20761,5
bfd_p-d65,1302,1396,1.90597,7
bfd_p-d65,1302,1301,1.10349,5
bfd_p-d65,1302,1170,1.84949,8
bfd_p-d65,1302,1179,1.19068,5
bfd_p-d65,1302,1098,2.13323,8
bfd_p-d65,1302,1176,1.3299,4
bfd_p-d65,1302,1082,1.63154,9
bfd_p-d65,1302,1151,1.0489,5
bfd_p-d65,1302,1069,1.61772,11
bfd_p-d65,1302,1405,1.241,4
bfd_p-d65,1302,1467,1.83677,11
bfd_p-d65,1302,1458,1.46743,10
bfd_p-d65,1302,1428,1.48951,7
bfd_p-d65,1302,1472,2.27981,12
bfd_p-d65,1302,1421,1.19068,6
bfd_p-d65,1302,1427,1.72624,7
bfd_p-d65,1302,1437,2.43621,9
bfd_p-d65,1302,1398,1.31404,4
bfd_p-d65,1302,1336,1.79828,2
bfd_p-d65,1302,1282,1.43763,2
bfd_p-d65,1302,1199,2.1101,5
bfd_p-d65,1302,1188,1.69283,4
bfd_p-d65,1302,1090,1.90597,9
bfd_p-d65,1302,1136,1.25748,6
bfd_p-d65,1302,1054,2.03366,12
bfd_p-d65,1302,1135,0.973011,6
bfd_p-d65,2423,2418,1.69703,11
bfd_p-d65,2423,2429,1.29673,7
bfd_p-d65,2423,2417,1.50579,10
bfd_p-d65,2423,2432,1.39169,8
bfd_p-d65,2423,2433,1.25534,6
bfd_p-d65,2423,2434,1.14205,6
bfd_p-d65,2423,2440,1.29673,5
bfd_p-d65,2423,2439,1.09689,3
bfd_p-d65,2423,2441,1.2343,4
bfd_p-d65,2423,2448,1.28131,4
bfd_p-d65,2423,2444,1.29673,3
bfd_p-d65,2423,2437,1.29673,2
bfd_p-d65,2423,2443,1.45897,3
bfd_p-d65,2423,2447,1.64515,4
bfd_p-d65,2423,2438,1.34227,4
bfd_p-d65,2423,2435,1.14205,3
bfd_p-d65,2423,2436,1.48719,5
bfd_p-d65,2423,2430,1.3171,5
bfd_p-d65,2423,2416,1.29673,8
bfd_p-d65,2423,2431,1.14205,5
bfd_p-d65,2423,2425,1.06219,6
bfd_p-d65,2423,2414,1.47312,9
bfd_p-d65,2423,2470,1.51965,13
bfd_p-d65,2423,2463,1.35722,10
bfd_p-d65,2423,2469,1.35722,11
bfd_p-d65,2423,2461,1.37699,9
bfd_p-d65,2423,2471,1.59664,11
bfd_p-d65,2423,2462,1.37699,9
bfd_p-d65,2423,2464,1.70983,10
bfd_p-d65,2423,2456,1.34227,9
bfd_p-d65,2423,2465,1.47312,12
bfd_p-d65,2423,2453,0.971898,7
bfd_p-d65,2423,2452,1.47312,8
bfd_p-d65,2423,2451,1.16969,5
bfd_p-d65,2423,2446,1.09689,3
bfd_p-d65,2423,2406,1.3171,5
bfd_p-d65,2423,2397,1.09689,4
bfd_p-d65,2423,2358,1.15869,7
bfd_p-d65,2423,2356,1.02671,8
bfd_p-d65,2423,2347,1.25534,11
bfd_p-d65,2423,2332,1.43997,15
bfd_p-d65,2423,2344,1.21836,11
bfd_p-d65,2423,2473,1.33224,13
bfd_p-d65,2423,2457,1.12526,9
bfd_p-d65,2423,2466,1.29673,11
bfd_p-d65,2423,2455,1.00259,8
bfd_p-d65,2423,2454,1.12526,8
bfd_p-d65,2423,2449,1.20766,3
bfd_p-d65,2423,2442,1.35722,3
bfd_p-d65,2423,2415,1.20766,3
bfd_p-d65,2423,2378,1.09689,3
bfd_p-d65,2423,2359,1.47312,6
bfd_p-d65,2423,2357,1.09689,6
bfd_p-d65,2423,2341,1.50579,11
bfd_p-d65,2423,2350,1.62763,9
bfd_p-d65,2423,2354,0.814336,7
bfd_p-d65,2423,2348,1.26056,9
bfd_p-d65,2423,2334,1.4256,12
bfd_p-d65,2423,2346,1.14205,10
bfd_p-d65,2423,2331,1.26056,14
bfd_p-d65,2423,2339,1.0854,11
bfd_p-d65,2423,2330,1.29673,15
bfd_p-d65,892,771,1.98619,37
bfd_p-d65,892,762,2.16695,49
bfd_p-d65,892,851,1.16451,15
bfd_p-d65,892,802,1.57389,22
bfd_p-d65,892,768,1.8998,40
bfd_p-d65,892,821,1.26062,13
bfd_p-d65,892,785,1.9162,19
bfd_p-d65,892,843,1.61088,9
bfd_p-d65,892,816,2.07529,9
bfd_p-d65,892,863,1.26062,3
bfd_p-d65,892,859,1.7186,5
bfd_p-d65,892,867,1.32438,4
bfd_p-d65,892,933,1.83885,9
bfd_p-d65,892,942,1.32438,8
bfd_p-d65,892,1001,2.07529,16
bfd_p-d65,892,993,1.34518,12
bfd_p-d65,892,1039,1.82201,18
bfd_p-d65,892,998,1.39291,14
bfd_p-d65,892,1061,1.8556,22
bfd_p-d65,892,1004,1.34518,13
bfd_p-d65,892,1164,2.43235,11
bfd_p-d65,892,1091,1.36577,6
bfd_p-d65,892,1196,2.22664,11
bfd_p-d65,892,1096,1.28922,6
bfd_p-d65,892,1191,2.19196,15
bfd_p-d65,892,1095,1.28922,10
bfd_p-d65,892,1156,2.2414,19
bfd_p-d65,892,1077,1.09475,11
bfd_p-d65,892,1102,2.26586,20
bfd_p-d65,892,1057,1.26062,14
bfd_p-d65,892,1070,2.19196,22
bfd_p-d65,892,981,1.01359,11
bfd_p-d65,892,962,2.05976,18
bfd_p-d65,892,886,1.32438,9
bfd_p-d65,892,818,1.8998,11
bfd_p-d65,892,822,1.26062,8
bfd_p-d65,892,737,2.46476,11
bfd_p-d65,892,767,1.11833,6
bfd_p-d65,892,692,2.46476,13
bfd_p-d65,892,754,1.1569,6
bfd_p-d65,892,676,2.65785,14
bfd_p-d65,892,1093,1.18715,6
bfd_p-d65,892,1174,2.19196,11
bfd_p-d65,892,1087,1.42634,6
bfd_p-d65,892,1134,2.01793,10
bfd_p-d65,892,1071,1.03838,5
bfd_p-d65,892,1078,1.75352,7
bfd_p-d65,892,1015,1.23888,4
bfd_p-d65,892,1020,1.51093,4
bfd_p-d65,892,919,1.32438,2
bfd_p-d65,892,847,2.05976,7
bfd_p-d65,892,844,1.41303,4
bfd_p-d65,892,778,1.87226,7
bfd_p-d65,892,803,1.18715,5
bfd_p-d65,892,721,2.44628,10
bfd_p-d65,892,756,1.34518,6
bfd_p-d65,892,704,2.39499,11
bfd_p-d65,892,744,1.42634,6
bfd_p-d65,892,699,2.48771,12
bfd_p-d65,892,682,2.54226,13
bfd_p-d65,892,750,1.18715,6
bfd_p-d65,408,401,1.16308,5
bfd_p-d65,408,388,1.30435,7
bfd_p-d65,408,400,1.23507,6
bfd_p-d65,408,410,1.23507,5
bfd_p-d65,408,413,1.19342,5
bfd_p-d65,408,418,1.37126,5
bfd_p-d65,408,409,1.07514,4
bfd_p-d65,408,430,1.26423,4
bfd_p-d65,408,411,1.29297,3
bfd_p-d65,408,424,1.27578,4
bfd_p-d65,408,426,1.20542,4
bfd_p-d65,408,427,1.22325,4
bfd_p-d65,408,420,1.20542,3
bfd_p-d65,408,431,1.14462,4
bfd_p-d65,408,437,1.45197,4
bfd_p-d65,408,422,1.22325,4
bfd_p-d65,408,435,1.36026,5
bfd_p-d65,408,432,1.19342,6
bfd_p-d65,408,441,1.22325,8
bfd_p-d65,408,425,1.02268,6
bfd_p-d65,408,416,1.12595,6
bfd_p-d65,408,483,1.49897,8
bfd_p-d65,408,305,1.19342,9
bfd_p-d65,408,484,1.39851,8
bfd_p-d65,408,490,1.40931,8
bfd_p-d65,408,482,1.34365,7
bfd_p-d65,408,480,1.4254,7
bfd_p-d65,408,473,1.40931,6
bfd_p-d65,408,454,1.38221,6
bfd_p-d65,408,433,1.34365,5
bfd_p-d65,408,403,1.18134,3
bfd_p-d65,408,360,1.25262,3
bfd_p-d65,408,335,1.52468,5
bfd_p-d65,408,323,1.22325,7
bfd_p-d65,408,314,1.22325,8
bfd_p-d65,408,304,1.37126,10
bfd_p-d65,408,306,1.47821,9
bfd_p-d65,408,478,1.27578,8
bfd_p-d65,408,466,1.04256,5
bfd_p-d65,408,456,0.890143,4
bfd_p-d65,408,419,0.751075,3
bfd_p-d65,408,325,0.726221,6
bfd_p-d65,408,324,0.911914,6
bfd_p-d65,408,321,0.96142,6
bfd_p-d65,408,434,1.22325,3
bfd_p-d65,408,449,1.4254,5
bfd_p-d65,408,461,1.44138,6
bfd_p-d65,408,470,1.39851,7
bfd_p-d65,408,477,1.30435,8
bfd_p-d65,408,488,1.36026,9
bfd_p-d65,408,476,1.23507,7
bfd_p-d65,408,464,1.22325,4
bfd_p-d65,408,455,1.31565,5
bfd_p-d65,408,440,1.47821,4
bfd_p-d65,408,428,1.12595,3
bfd_p-d65,408,405,1.27578,3
bfd_p-d65,408,390,1.19342,2
bfd_p-d65,408,423,0.860548,2
bfd_p-d65,408,436,0.940416,3
bfd_p-d65,408,468,1.08158,7
bfd_p-d65,408,459,0.911914,5
bfd_p-d65,408,471,1.3325,5
bfd_p-d65,408,446,0.479126,3
bfd_p-d65,408,438,0.982122,3
bfd_p-d65,408,412,1.3325,2
bfd_p-d65,408,386,1.34365,3
bfd_p-d65,408,367,1.12595,2
bfd_p-d65,1279,1148,1.35877,6
bfd_p-d65,1279,1471,1.82541,11
bfd_p-d65,1279,1264,1.0134,4
bfd_p-d65,1279,1364,0.560127,3
bfd_p-d65,1279,1409,0.983115,5
bfd_p-d65,1279,1200,0.560127,2
bfd_p-d65,1279,1171,1.45565,3
bfd_p-d65,1279,1356,1.17392,3
bfd_p-d65,1279,1175,1.35877,4
bfd_p-d65,1279,1242,1.39874,5
bfd_p-d65,1279,1333,0.719572,2
bfd_p-d65,1279,1144,1.00598,4
bfd_p-d65,1279,1185,1.35877,5
bfd_p-d65,1279,1010,1.68676,12
bfd_p-d65,1279,1361,0.764178,3
bfd_p-d65,1279,1258,0.272104,2
bfd_p-d65,1279,1321,1.05255,3
bfd_p-d65,1279,1417,1.1276,6
bfd_p-d65,1279,1346,0.534734,2
bfd_p-d65,1279,1150,1.45007,6
bfd_p-d65,1279,1249,0.619494,2
bfd_p-d65,1279,1456,1.68676,10
bfd_p-d65,1279,1329,1.51391,8
bfd_p-d65,1279,1229,1.47957,6
bfd_p-d65,1279,1338,0.399078,3
bfd_p-d65,1279,1423,1.68676,7
bfd_p-d65,1279,1085,1.82541,8
bfd_p-d65,1279,1110,1.55978,7
bfd_p-d65,1279,1192,0.849053,3
bfd_p-d65,1279,1380,0.866273,5
bfd_p-d65,1279,1344,0.580972,3
bfd_p-d65,1279,1365,0.874304,4
bfd_p-d65,1279,1158,1.68676,7
bfd_p-d65,1279,1076,1.68676,8
bfd_p-d65,1279,1342,1.17392,3
bfd_p-d65,1279,1113,1.47957,6
bfd_p-d65,1279,1160,0.874304,4
bfd_p-d65,1279,1142,1.03659,5
bfd_p-d65,1279,1325,1.51391,4
bfd_p-d65,1279,1271,1.47957,6
bfd_p-d65,1279,1146,1.00598,5
bfd_p-d65,1279,1079,1.68676,10
bfd_p-d65,1279,1322,0.444958,2
bfd_p-d65,1279,1194,1.42413,5
bfd_p-d65,1279,1420,1.39874,7
bfd_p-d65,1772,1732,0.487271,2
bfd_p-d65,1772,1814,0.883185,2
bfd_p-d65,1772,1804,0.883185,2
bfd_p-d65,1772,1817,0.500903,2
bfd_p-d65,1772,1820,0.690222,2
bfd_p-d65,1772,1788,0.690222,2
bfd_p-d65,1772,1722,0.80097,2
bfd_p-d65,1772,1815,0.590426,2
bfd_p-d65,1772,1808,0.445069,2
bfd_p-d65,1265,1288,0.427907,2
bfd_p-d65,1265,1324,0.61297,2
bfd_p-d65,1265,1347,0.842586,2
bfd_p-d65,2390,2380,0.432366,2
bfd_p-d65,2390,2404,0.299475,2
bfd_p-d65,2390,2422,0.293955,2
bfd_p-d65,2390,2420,0.176056,2
bfd_p-d65,2390,2410,0.538585,2
bfd_p-d65,944,1007,0.346816,3
bfd_p-d65,944,971,0.166806,2
bfd_p-d65,944,992,0.449269,2
bfd_p-d65,944,965,0.166806,3
bfd_p-d65,944,882,0.327533,2
bfd_p-d65,944,881,0.417813,3
bfd_p-d65,944,936,0.360601,3
bfd_p-d65,944,871,0.408495,2
bfd_p-d65,944,910,0.240572,3
bfd_p-d65,944,888,0.474254,2
bfd_p-d65,944,949,0.303803,3
bfd_p-d65,944,986,0.130661,2
bfd_p-d65,944,1030,0.408495,2
bfd_p-d65,944,930,0.34022,3
bfd_p-d65,944,865,0.391185,2
bfd_p-d65,944,967,0.321413,4
bfd_p-d65,944,934,0.346816,4
bfd_p-d65,944,887,0.488457,2
bfd_p-d65,944,876,0.346816,2
bfd_p-d65,944,952,0.186623,2
bfd_p-d65,944,913,0.438109,2
bfd_p-d65,944,824,0.758947,3
bfd_p-d65,944,939,0.758947,6
bfd_p-d65,944,1024,0.390535,2
bfd_p-d65,944,1072,0.97032,4
bfd_p-d65,944,983,0.172466,2
bfd_p-d65,944,997,0.758947,5
bfd_p-d65,944,1049,0.97032,2
bfd_p-d65,944,907,0.491683,3
bfd_p-d65,944,1045,0.670737,4
bfd_p-d65,944,841,0.670737,3
bfd_p-d65,944,1046,0.758947,2
bfd_p-d65,944,1032,0.521416,2
bfd_p-d65,944,1021,0.7241,3
bfd_p-d65,944,879,0.803404,5
bfd_p-d65,944,966,0.97032,3
bfd_p-d65,944,901,0.803404,3
bfd_p-d65,944,878,0.448772,3
bfd_p-d65,944,872,0.364287,2
bfd_p-d65,944,929,0.29684,2
bfd_p-d65,944,856,0.758947,6
bfd_p-d65,944,1005,0.582096,2
bfd_p-d65,944,925,0.185962,2
bfd_p-d65,944,906,0.568452,3
bfd_p-d65,944,979,0.433261,3
bfd_p-d65,944,1040,0.803404,2
bfd_p-d65,944,1026,0.59676,5
bfd_p-d65,944,874,0.521416,2
bfd_p-d65,944,866,0.612644,5
bfd_p-d65,944,976,0.333046,4
bfd_p-d65,944,935,0.433261,4
bfd_p-d65,944,938,0.242859,3
bfd_p-d65,944,1018,0.670737,7
bfd_p-d65,944,1019,0.433261,2
bfd_p-d65,944,895,0.482529,2
bfd_p-d65,944,1059,0.865414,6
bfd_p-d65,944,870,0.521416,2
bfd_p-d65,365,395,0.215195,2
bfd_p-d65,365,336,0.253049,2
bfd_p-d65,365,369,0.549378,2
bfd_p-m,137,159,1.45064,2
bfd_p-m,137,158,0.809873,2
bfd_p-m,137,131,0.733138,3
bfd_p-m,137,151,0.971163,3
bfd_p-m,137,102,1.31867,7
bfd_p-m,137,144,1.12072,2
bfd_p-m,137,187,1.67351,5
bfd_p-m,137,108,1.94086,9
bfd_p-m,137,177,2.07185,5
bfd_p-m,137,154,2.31134,9
bfd_p-m,137,122,1.02542,4
bfd_p-m,137,38,3.1955,36
bfd_p-m,137,51,2.26735,15
bfd_p-m,137,166,2.12903,8
bfd_p-m,137,60,1.60753,8
bfd_p-m,137,64,1.85728,8
bfd_p-m,137,110,0.932551,5
bfd_p-m,137,87,1.71848,6
bfd_p-m,137,118,1.65689,5
bfd_p-m,137,152,0.106549,2
bfd_p-m,137,62,2.35533,8
bfd_p-m,137,127,2.90225,11
bfd_p-m,137,26,2.92375,28
bfd_p-m,137,95,2.36413,15
bfd_p-m,137,173,2.43451,9
bfd_p-m,137,46,2.81867,12
bfd_p-m,137,31,3.06843,14
bfd_p-m,137,171,2.03568,7
bfd_p-m,137,41,2.94917,25
bfd_p-m,121,66,2.56587,7
bfd_p-m,121,88,2.04644,3
bfd_p-m,121,113,2.11069,4
bfd_p-m,121,133,2.38229,9
bfd_p-m,121,98,2.0567,2
bfd_p-m,121,138,1.9487,6
bfd_p-m,121,48,1.87635,11
bfd_p-m,121,50,1.473,14
bfd_p-m,121,53,1.85529,9
bfd_p-m,121,78,1.9865,5
bfd_p-m,121,115,2.30076,6
bfd_p-m,121,92,2.11663,7
bfd_p-m,121,101,2.4406,3
bfd_p-m,121,59,1.7419,11
bfd_p-m,121,160,2.36069,10
bfd_p-m,121,146,2.12689,5
bfd_p-m,121,189,2.69006,15
bfd_p-m,121,239,2.63985,13
bfd_p-m,121,186,2.38553,10
bfd_p-m,121,182,2.02538,7
bfd_p-m,121,196,2.46436,10
bfd_p-m,121,71,2.19222,4
bfd_p-m,121,100,3.57505,14
bfd_p-m,121,67,3.27052,10
bfd_p-m,121,107,2.82883,6
bfd_p-m,121,45,3.86879,14
bfd_p-m,121,29,3.65443,25
bfd_p-m,121,97,2.09179,12
bfd_p-m,121,77,1.71706,23
bfd_p-m,204,178,2.4946,5
bfd_p-m,204,145,0.913541,5
bfd_p-m,204,132,2.50604,6
bfd_p-m,204,211,4.43865,9
bfd_p-m,204,210,4.35474,7
bfd_p-m,204,194,1.95105,5
bfd_p-m,204,142,1.67705,6
bfd_p-m,204,199,4.06675,7
bfd_p-m,204,112,3.12842,8
bfd_p-m,204,104,2.80992,10
bfd_p-m,204,90,2.90083,10
bfd_p-m,204,93,3.13477,10
bfd_p-m,204,91,2.7953,10
bfd_p-m,204,124,2.37508,6
bfd_p-m,204,243,2.83916,9
bfd_p-m,204,202,1.33376,2
bfd_p-m,204,181,1.33376,3
bfd_p-m,204,109,2.81055,9
bfd_p-m,204,125,2.54164,8
bfd_p-m,204,103,2.28099,8
bfd_p-m,204,79,2.61348,10
bfd_p-m,204,84,2.39161,9
bfd_p-m,204,174,2.95677,6
bfd_p-m,204,126,1.94342,6
bfd_p-m,204,156,2.65226,6
bfd_p-m,204,119,2.71329,7
bfd_p-m,204,216,3.31723,6
bfd_p-m,204,207,2.94406,4
bfd_p-m,214,257,3.9059,27
bfd_p-m,214,192,1.12792,6
bfd_p-m,214,225,1.55351,4
bfd_p-m,214,140,3.71771,17
bfd_p-m,214,56,3.84563,42
bfd_p-m,214,106,3.51107,13
bfd_p-m,214,198,2.49508,10
bfd_p-m,214,191,2.36347,15
bfd_p-m,214,150,2.47909,22
bfd_p-m,214,123,1.76138,9
bfd_p-m,214,190,1.77921,14
bfd_p-m,214,172,1.88745,8
bfd_p-m,214,176,2.33702,9
bfd_p-m,214,185,2.31365,5
bfd_p-m,214,193,2.35424,5
bfd_p-m,214,206,1.58057,5
bfd_p-m,214,195,1.89729,7
bfd_p-m,214,155,1.27245,12
bfd_p-m,214,105,2.19557,16
bfd_p-m,214,161,1.61931,8
bfd_p-m,214,143,3.39852,13
bfd_p-m,214,168,3.26199,13
bfd_p-m,214,134,1.99139,7
bfd_p-m,214,149,1.22202,10
bfd_p-m,214,75,2.83518,14
bfd_p-m,214,89,3.4059,14
bfd_p-m,214,184,2.83948,26
bfd_p-m,214,238,2.85363,11
bfd_p-m,214,203,2.23862,10
bfd_p-m,404,380,1.62047,5
bfd_p-m,404,331,2.01144,11
bfd_p-m,404,410,0.792753,4
bfd_p-m,404,391,1.61856,5
bfd_p-m,404,351,1.67133,11
bfd_p-m,404,408,0.87349,3
bfd_p-m,404,413,1.4787,5
bfd_p-m,404,366,1.7794,7
bfd_p-m,404,374,2.56389,20
bfd_p-m,404,382,2.10553,13
bfd_p-m,404,384,2.74253,9
bfd_p-m,404,419,3.04196,22
bfd_p-m,404,412,2.89193,18
bfd_p-m,404,372,2.815,25
bfd_p-m,404,339,1.75715,9
bfd_p-m,404,341,2.64272,14
bfd_p-m,404,361,2.48951,11
bfd_p-m,404,362,3.17737,27
bfd_p-m,404,400,3.14749,13
bfd_p-m,404,334,3.11697,35
bfd_p-m,404,387,3.30006,21
bfd_p-m,404,405,2.72219,11
bfd_p-m,404,371,3.24857,14
bfd_p-m,404,336,3.32041,40
bfd_p-m,404,342,3.32613,42
bfd_p-m,404,321,3.60648,49
bfd_p-m,404,379,4.43865,25
bfd_p-m,393,416,1.74893,11
bfd_p-m,393,403,0.902244,9
bfd_p-m,393,345,2.16186,10
bfd_p-m,393,398,3.04594,17
bfd_p-m,393,385,0.700321,8
bfd_p-m,393,394,0.980769,7
bfd_p-m,393,389,2.42468,25
bfd_p-m,393,338,2.08494,10
bfd_p-m,393,386,2.02511,8
bfd_p-m,393,396,1.28419,11
bfd_p-m,393,420,1.94444,12
bfd_p-m,393,368,1.27511,12
bfd_p-m,393,424,2.27564,17
bfd_p-m,393,411,2.38782,13
bfd_p-m,393,364,2.50107,25
bfd_p-m,393,415,2.03045,15
bfd_p-m,393,414,1.79968,12
bfd_p-m,393,422,2.25588,15
bfd_p-m,393,402,1.48611,8
bfd_p-m,393,375,2.06838,8
bfd_p-m,393,418,2.80769,19
bfd_p-m,450,429,1.97329,18
bfd_p-m,450,434,1.89373,16
bfd_p-m,450,444,0.68583,8
bfd_p-m,450,466,2.15331,10
bfd_p-m,450,426,2.47445,28
bfd_p-m,450,430,1.96167,14
bfd_p-m,450,436,2.41463,25
bfd_p-m,450,437,2.63124,19
bfd_p-m,450,442,1.48026,11
bfd_p-m,450,472,3.0302,20
bfd_p-m,450,441,3.53368,30
bfd_p-m,450,459,1.91405,17
bfd_p-m,450,439,1.65389,26
bfd_p-m,450,443,1.04065,14
bfd_p-m,450,421,3.91173,21
bfd_p-m,450,423,3.69454,16
bfd_p-m,450,427,2.0993,8
bfd_p-m,450,435,2.19164,9
bfd_p-m,450,425,2.89431,11
bfd_p-m,450,463,2.53426,23
bfd_p-m,450,448,0.990708,7
bfd_p-m,450,428,2.64925,14
bfd_p-m,450,432,1.86063,22
bfd_p-m,450,431,1.97735,32
bfd_p-m,450,438,1.60221,18
bfd_p-m,450,445,1.58072,10
bfd_p-m,450,454,2.08827,14
bfd_p-m,450,446,2.67305,15
bfd_p-m,470,461,1.34604,6
bfd_p-m,470,474,3.1305,7
bfd_p-m,470,476,2.011,12
bfd_p-m,470,479,1.90029,5
bfd_p-m,470,481,1.36877,6
bfd_p-m,470,480,1.62243,10
bfd_p-m,470,478,4.06378,14
bfd_p-m,470,471,3.4934,10
bfd_p-m,470,465,4.06378,13
bfd_p-m,470,460,4.06378,14
bfd_p-m,470,440,3.93842,10
bfd_p-m,470,477,2.71554,6
bfd_p-m,470,475,2.18109,6
bfd_p-m,470,457,3.67742,7
bfd_p-m,470,449,3.54472,9
bfd_p-m,470,456,4.44868,15
bfd_p-m,470,417,5.2346,28
bfd_p-m,470,458,2.3629,4
bfd_p-m,470,469,2.57331,14
bfd_p-m,470,451,3.55205,9
bfd_p-m,470,447,3.10411,7
bfd_p-m,470,462,2.60191,7
bfd_p-m,470,453,2.65176,12
bfd_p-m,470,467,2.54472,6
bfd_p-m,470,452,2.00733,4
bfd_p-m,470,473,2.18109,4
bfd_p-m,470,468,2.99413,9
bfd_p-m,470,433,2.10191,15
bfd_p-m,369,328,1.528,10
bfd_p-m,369,356,1.208,8
bfd_p-m,369,346,1.38362,6
bfd_p-m,369,359,1.48838,3
bfd_p-m,369,383,1.15657,6
bfd_p-m,369,409,2.10286,22
bfd_p-m,369,353,0.822095,5
bfd_p-m,369,343,1.01676,6
bfd_p-m,369,376,0.595429,5
bfd_p-m,369,329,1.38667,19
bfd_p-m,369,344,1.17029,9
bfd_p-m,369,363,1.5181,10
bfd_p-m,369,381,1.8,14
bfd_p-m,369,397,2.16305,21
bfd_p-m,369,388,1.08305,3
bfd_p-m,369,367,1.62095,8
bfd_p-m,369,373,1.57181,9
bfd_p-m,369,377,1.42286,9
bfd_p-m,369,401,1.60648,13
bfd_p-m,369,399,2.25257,17
bfd_p-m,369,395,2.42171,18
bfd_p-m,369,406,2.37105,19
bfd_p-m,369,360,0.133333,2
bfd_p-m,369,390,0.737905,3
bfd_p-m,369,357,1.36876,7
bfd_p-m,369,370,1.432,8
bfd_p-m,369,347,0.972952,6
bfd_p-m,369,378,1.48533,9
bfd_p-m,369,350,1.42971,13
bfd_p-m,369,358,1.23657,9
bfd_p-m,82,96,2.30006,13
bfd_p-m,82,70,1.00318,5
bfd_p-m,82,169,1.78703,19
bfd_p-m,82,61,2.06993,11
bfd_p-m,82,164,1.88938,19
bfd_p-m,82,52,2.64971,11
bfd_p-m,82,179,1.87985,30
bfd_p-m,82,236,4.04132,60
bfd_p-m,82,80,4.43865,25
bfd_p-m,82,69,2.0,2
bfd_p-m,82,85,1.43039,2
bfd_p-m,82,86,1.80737,12
bfd_p-m,82,63,2.25683,2
bfd_p-m,82,65,2.59313,23
bfd_p-m,82,139,3.56707,38
bfd_p-m,82,49,2.30451,5
bfd_p-m,82,55,2.63636,4
bfd_p-m,82,130,0.708837,10
bfd_p-m,82,74,0.359186,3
bfd_p-m,501,497,0.846612,2
bfd_p-m,501,506,1.88997,3
bfd_p-m,501,489,1.87425,3
bfd_p-m,501,483,2.57453,4
bfd_p-m,501,486,1.33767,2
bfd_p-m,501,500,3.5458,4
bfd_p-m,501,487,2.49919,2
bfd_p-m,501,505,2.16585,2
bfd_p-m,501,493,3.22222,6
bfd_p-m,501,491,1.17669,2
bfd_p-m,501,482,2.56423,3
bfd_p-m,501,503,2.64444,3
bfd_p-m,501,504,1.71165,2
bfd_p-m,501,484,0.528997,2
bfd_p-m,501,488,1.02168,2
bfd_p-m,501,490,0.889431,2
bfd_p-m,501,495,1.05474,2
bfd_p-m,501,496,1.71328,4
bfd_p-m,501,499,3.27642,4
bfd_p-m,501,485,1.12141,2
bfd_p-m,507,515,0.698816,2
bfd_p-m,507,521,3.52876,11
bfd_p-m,507,527,3.00338,10
bfd_p-m,507,511,4.19882,12
bfd_p-m,507,532,3.85195,13
bfd_p-m,507,514,3.87648,7
bfd_p-m,507,533,2.93993,9
bfd_p-m,507,520,4.17428,13
bfd_p-m,507,525,4.55161,17
bfd_p-m,507,517,4.10491,11
bfd_p-m,507,516,4.71066,14
bfd_p-m,507,512,4.65651,13
bfd_p-m,507,530,3.96193,14
bfd_p-m,507,518,4.50677,12
bfd_p-m,507,522,2.51184,6
bfd_p-m,507,534,4.18782,14
bfd_p-m,507,523,4.74196,12
bfd_p-m,507,513,4.34518,15
bfd_p-m,507,509,1.19882,2
bfd_p-m,507,492,2.43486,3
bfd_p-m,507,494,1.41709,3
bfd_p-m,507,510,1.48308,2
bfd_p-m,507,524,4.21658,11
bfd_p-m,507,529,3.09222,11
bfd_p-m,507,535,2.70135,11
bfd_p-m,507,519,2.99831,7
bfd_p-m,507,528,3.03299,8
bfd_p-m,507,526,2.61844,7
bfd_p-m,507,531,2.91794,8
bfd_p-m,276,220,4.65591,10
bfd_p-m,276,188,5.14409,13
bfd_p-m,276,228,4.20323,8
bfd_p-m,276,235,4.13333,10
bfd_p-m,276,217,5.5172,12
bfd_p-m,276,231,5.68495,10
bfd_p-m,276,219,4.5914,13
bfd_p-m,276,255,1.48602,4
bfd_p-m,276,244,4.45376,8
bfd_p-m,276,242,4.07527,7
bfd_p-m,276,246,4.94946,6
bfd_p-m,276,227,6.70968,12
bfd_p-m,276,258,5.26882,5
bfd_p-m,276,129,5.52473,19
bfd_p-m,276,260,5.47957,5
bfd_p-m,276,237,4.99462,9
bfd_p-m,276,254,5.14301,5
bfd_p-m,276,251,5.48065,7
bfd_p-m,276,253,5.20108,7
bfd_p-m,276,223,4.19247,11
bfd_p-m,276,148,6.52366,19
bfd_p-m,276,183,5.62366,13
bfd_p-m,276,205,5.90215,13
bfd_p-m,276,250,3.85699,6
bfd_p-m,276,245,5.72796,7
bfd_p-m,276,264,2.96774,3
bfd_p-m,276,249,3.96559,6
bfd_p-m,276,230,5.18925,10
bfd_p-m,276,279,1.86667,2
leeds,183,189,1.25739,2
leeds,170,146,1.154936,3
leeds,152,142,1.21082,2
leeds,161,136,1.527496,2
leeds,387,391,1.005912,4
leeds,388,389,0.74512,2
leeds,377,390,0.69855,4
leeds,379,386,0.679922,3
leeds,393,392,0.521584,2
leeds,226,234,0.856888,4
leeds,233,252,1.126994,2
leeds,237,241,0.987284,3
leeds,235,230,0.763748,2
leeds,281,239,0.717178,2
leeds,394,395,0.88483,4
leeds,408,410,1.005912,4
leeds,412,415,0.707864,4
leeds,396,401,0.959342,3
leeds,403,402,0.801004,2
leeds,437,436,0.903458,4
leeds,434,433,0.735806,3
leeds,435,432,1.126994,5
leeds,446,448,1.173564,3
leeds,452,458,0.735806,4
leeds,454,466,0.9314,6
leeds,460,464,0.549526,4
leeds,461,457,0.950028,2
leeds,375,376,1.089738,2
leeds,380,384,0.987284,2
leeds,381,385,0.754434,4
leeds,383,382,0.83826,4
leeds,369,367,1.061796,2
leeds,289,320,0.79169,6
leeds,316,326,1.11768,4
leeds,315,325,0.642666,2
leeds,318,317,0.707864,2
leeds,308,285,0.642666,4
leeds,120,127,0.83826,10
leeds,115,124,1.266704,11
leeds,117,113,0.847574,3
leeds,119,112,0.959342,3
leeds,125,116,0.875516,11
leeds,137,145,0.875516,4
leeds,130,154,1.201506,6
leeds,129,158,1.25739,6
leeds,132,144,1.173564,4
leeds,135,128,1.182878,2
leeds,345,350,0.996598,10
leeds,358,359,1.238762,11
leeds,341,347,1.061796,14
leeds,349,342,0.847574,8
leeds,348,344,1.07111,3
leeds,30,37,1.015226,9
leeds,38,51,0.959342,20
leeds,48,41,0.689236,8
leeds,14,15,0.735806,4
leeds,39,33,0.940714,7
leeds,180,202,1.126994,3
leeds,141,181,1.276018,5
leeds,155,187,1.052482,4
leeds,186,192,0.624038,2
leeds,198,182,0.79169,2
leeds,133,162,1.145622,3
leeds,157,175,0.847574,2
leeds,200,167,0.83826,4
leeds,203,153,0.940714,3
leeds,111,110,0.661294,2
leeds,340,351,0.856888,3
leeds,343,346,0.65198,2
leeds,354,352,0.661294,2
leeds,355,353,0.950028,2
leeds,310,332,1.145622,3
leeds,236,309,1.359844,4
leeds,450,459,0.819632,3
leeds,443,463,1.061796,6
leeds,442,467,1.508868,7
leeds,109,126,0.97797,4
leeds,104,108,1.369158,5
leeds,61,80,1.07111,3
leeds,46,83,1.35053,5
leeds,468,473,1.02454,6
leeds,471,478,0.959342,5
leeds,420,425,1.108366,5
leeds,419,427,1.201506,6
leeds,397,404,1.276018,4
leeds,407,416,1.238762,5
leeds,364,371,1.052482,4
leeds,360,370,1.294646,5
leeds,286,328,1.480926,4
leeds,134,224,1.499554,4
leeds,90,97,1.11768,3
leeds,91,99,1.49024,4
leeds,7,11,0.810318,3
leeds,0,8,1.126994,4
leeds,361,366,0.65198,2
leeds,368,374,0.894144,3
leeds,365,373,1.201506,4
leeds,362,372,1.378472,5
leeds,363,378,1.76966,7
leeds,335,339,0.55884,2
leeds,243,292,0.83826,2
leeds,240,302,1.229448,2
leeds,251,327,1.341216,5
leeds,301,338,1.555438,6
leeds,451,453,0.502956,2
leeds,449,456,0.633352,3
leeds,445,455,0.707864,4
leeds,447,462,0.83826,6
leeds,444,465,1.061796,6
leeds,106,114,0.819632,3
leeds,122,140,1.266704,3
leeds,105,123,1.49024,5
leeds,118,190,1.685834,6
leeds,121,217,1.788288,7
leeds,50,79,0.69855,3
leeds,69,82,0.847574,3
leeds,78,88,0.940714,3
leeds,68,87,1.099052,4
leeds,43,81,1.285332,5
leeds,474,479,0.717178,4
leeds,469,475,0.79169,5
leeds,472,480,0.959342,6
leeds,470,476,1.21082,8
leeds,418,421,0.530898,2
leeds,429,430,0.65198,2
leeds,423,426,0.903458,5
leeds,422,428,1.043168,6
leeds,424,431,1.30396,6
leeds,400,405,0.79169,3
leeds,406,414,0.940714,3
leeds,411,417,1.16425,5
leeds,398,409,1.266704,6
leeds,399,413,1.53681,7
leeds,147,212,0.801004,2
leeds,305,333,1.35053,4
leeds,143,225,1.53681,5
leeds,107,191,1.81623,7
leeds,98,101,0.670608,3
leeds,92,96,0.88483,2
leeds,94,100,1.11768,3
leeds,95,103,1.508868,5
leeds,93,102,1.713776,5
leeds,2,5,0.726492,3
leeds,1,6,1.285332,4
leeds,4,9,1.471612,4
leeds,3,12,1.67652,6
leeds,10,13,1.853486,6
leeds,47,62,0.801004,7
leeds,49,52,0.968656,5
leeds,45,59,1.089738,8
leeds,44,55,1.387786,9
leeds,64,57,0.847574,7
leeds,60,56,1.080424,9
leeds,71,54,1.285332,11
leeds,67,73,0.819632,9
leeds,65,66,0.9314,11
leeds,58,72,1.061796,12
leeds,70,74,1.16425,12
leeds,25,20,1.145622,4
leeds,24,19,1.369158,5
leeds,22,23,1.49024,4
leeds,27,21,1.546124,6
leeds,40,34,1.220134,5
leeds,42,35,1.331902,5
leeds,53,36,1.462298,3
leeds,77,86,0.903458,9
leeds,75,84,1.015226,11
leeds,76,85,1.182878,12
leeds,63,89,1.508868,21
leeds,26,18,0.922086,2
leeds,28,16,1.015226,4
leeds,31,17,1.173564,5
leeds,184,196,1.11768,3
leeds,163,205,1.378472,2
leeds,207,214,1.322588,2
leeds,169,209,1.015226,2
leeds,188,208,1.005912,2
leeds,148,176,1.639264,2
leeds,174,210,1.508868,3
leeds,151,197,0.940714,2
leeds,173,220,1.53681,3
leeds,156,185,1.620636,2
leeds,168,206,1.508868,2
leeds,160,221,1.67652,3
leeds,166,213,1.11768,2
leeds,159,201,1.49024,2
leeds,179,195,1.639264,2
leeds,194,199,1.574066,2
leeds,178,218,1.434356,2
leeds,149,211,1.126994,3
leeds,219,204,1.741718,2
leeds,223,216,1.760346,2
leeds,165,222,1.704462,3
leeds,323,329,0.587042,2
leeds,314,331,0.785367,3
leeds,306,334,1.070955,4
leeds,303,336,1.237548,5
leeds,298,337,1.594533,5
leeds,263,296,0.626707,2
leeds,255,304,0.753635,3
leeds,257,300,0.936094,3
leeds,262,297,1.070955,3
leeds,258,299,1.308945,3
leeds,287,274,0.507712,2
leeds,283,278,0.785367,2
leeds,279,284,1.047156,3
leeds,282,280,1.285146,3
leeds,248,266,0.507712,2
leeds,247,267,0.690171,3
leeds,245,268,0.864697,3
leeds,242,277,1.158218,4
leeds,291,265,0.848831,2
leeds,295,261,0.936094,2
leeds,293,264,1.158218,2
leeds,294,260,1.380342,3
leeds,232,253,0.507712,2
leeds,229,256,0.769501,4
leeds,228,273,1.023357,4
leeds,227,275,1.237548,4
leeds,271,250,1.070955,2
leeds,311,270,1.42794,4
leeds,313,249,1.800791,5
leeds,238,290,1.340677,3
leeds,231,307,1.800791,5
leeds,330,321,0.71397,2
leeds,319,259,1.023357,4
leeds,322,254,1.308945,5
leeds,365,373,0.991625,4
leeds,362,372,1.412074,5
leeds,243,292,0.87263,2
leeds,240,302,1.26928,2
leeds,447,462,0.87263,6
leeds,444,465,0.991625,6
leeds,106,114,0.912295,3
leeds,122,140,1.126486,3
leeds,50,79,0.674305,3
leeds,69,82,0.817099,3
leeds,78,88,0.87263,3
leeds,68,87,0.991625,4
leeds,43,81,1.078888,5
leeds,472,480,0.761568,6
leeds,470,476,0.991625,8
leeds,423,426,0.817099,5
leeds,422,428,0.912295,6
leeds,424,431,1.078888,6
leeds,411,417,0.761568,5
leeds,398,409,1.078888,6
leeds,399,413,1.412074,7
leeds,305,333,1.078888,4
leeds,92,96,0.761568,2
leeds,94,100,0.912295,3
leeds,2,5,0.761568,3
leeds,1,6,1.126486,4
leeds,4,9,1.26928,4
leeds,3,12,1.412074,6
leeds,47,62,0.817099,7
leeds,49,52,0.95196,5
leeds,45,59,1.078888,8
leeds,44,55,1.412074,9
leeds,64,57,0.817099,7
leeds,60,56,1.126486,9
leeds,71,54,1.412074,11
leeds,65,66,0.674305,11
leeds,58,72,0.991625,12
leeds,70,74,1.03129,12
leeds,25,20,1.126486,4
leeds,24,19,1.18995,5
leeds,22,23,1.412074,4
leeds,40,34,0.991625,5
leeds,42,35,1.412074,5
leeds,77,86,0.761568,9
leeds,75,84,0.991625,11
leeds,76,85,1.078888,12
leeds,26,18,0.817099,2
leeds,28,16,0.991625,4
leeds,31,17,1.18995,5
leeds,184,196,0.87263,3
leeds,163,205,1.078888,2
leeds,207,214,0.95196,2
leeds,169,209,0.674305,2
leeds,148,176,1.078888,2
leeds,174,210,1.26928,3
leeds,151,197,0.761568,2
leeds,173,220,1.18995,3
leeds,168,206,1.18995,2
leeds,166,213,0.817099,2
leeds,159,201,1.412074,2
leeds,179,195,1.26928,2
leeds,194,199,1.412074,2
leeds,178,218,1.18995,2
leeds,149,211,0.674305,3
rit-dupont,125,131,1.02,4
rit-dupont,120,127,1.02,4
rit-dupont,119,118,1.02,4
rit-dupont,121,124,1.02,4
rit-dupont,128,122,1.02,5
rit-dupont,106,114,1.02,5
rit-dupont,126,130,1.02,2
rit-dupont,108,103,1.02,2
rit-dupont,88,98,1.02,4
rit-dupont,147,158,1.02,2
rit-dupont,153,156,1.02,4
rit-dupont,149,150,1.02,4
rit-dupont,152,157,1.02,5
rit-dupont,154,151,1.02,2
rit-dupont,140,146,1.02,5
rit-dupont,139,143,1.02,2
rit-dupont,138,136,1.02,3
rit-dupont,133,137,1.02,2
rit-dupont,296,304,1.02,3
rit-dupont,291,290,1.02,2
rit-dupont,288,294,1.02,2
rit-dupont,289,286,1.02,2
rit-dupont,283,299,1.02,3
rit-dupont,285,297,1.02,2
rit-dupont,280,276,1.02,2
rit-dupont,282,293,1.02,3
rit-dupont,190,234,1.02,3
rit-dupont,194,238,1.02,3
rit-dupont,195,223,1.02,7
rit-dupont,182,217,1.02,7
rit-dupont,210,212,1.02,3
rit-dupont,209,211,1.02,3
rit-dupont,198,215,1.02,6
rit-dupont,189,213,1.02,6
rit-dupont,196,185,1.02,2
rit-dupont,192,183,1.02,2
rit-dupont,184,230,1.02,6
rit-dupont,181,222,1.02,3
rit-dupont,176,167,1.02,3
rit-dupont,179,225,1.02,3
rit-dupont,382,398,1.02,3
rit-dupont,385,393,1.02,2
rit-dupont,392,394,1.02,3
rit-dupont,383,389,1.02,2
rit-dupont,378,397,1.02,4
rit-dupont,352,356,1.02,3
rit-dupont,359,353,1.02,3
rit-dupont,376,391,1.02,3
rit-dupont,200,239,1.02,3
rit-dupont,191,214,1.02,2
rit-dupont,199,202,1.02,2
rit-dupont,203,221,1.02,3
rit-dupont,208,177,1.02,4
rit-dupont,180,216,1.02,3
rit-dupont,187,218,1.02,2
rit-dupont,172,165,1.02,3
rit-dupont,174,227,1.02,3
rit-dupont,243,248,1.02,3
rit-dupont,220,235,1.02,2
rit-dupont,228,226,1.02,3
rit-dupont,233,242,1.02,3
rit-dupont,237,231,1.02,2
rit-dupont,246,254,1.02,4
rit-dupont,251,253,1.02,2
rit-dupont,247,244,1.02,3
rit-dupont,245,240,1.02,3
rit-dupont,404,420,1.02,4
rit-dupont,413,421,1.02,3
rit-dupont,416,424,1.02,3
rit-dupont,417,430,1.02,4
rit-dupont,407,427,1.02,4
rit-dupont,408,419,1.02,3
rit-dupont,406,403,1.02,3
rit-dupont,410,426,1.02,3
rit-dupont,326,347,1.02,3
rit-dupont,330,337,1.02,2
rit-dupont,328,327,1.02,3
rit-dupont,333,334,1.02,2
rit-dupont,336,335,1.02,2
rit-dupont,342,351,1.02,3
rit-dupont,344,350,1.02,3
rit-dupont,345,331,1.02,3
rit-dupont,341,349,1.02,3
rit-dupont,15,20,1.02,3
rit-dupont,7,12,1.02,2
rit-dupont,8,19,1.02,3
rit-dupont,13,6,1.02,2
rit-dupont,3,11,1.02,2
rit-dupont,316,343,1.02,4
rit-dupont,313,319,1.02,9
rit-dupont,310,312,1.02,6
rit-dupont,311,325,1.02,7
rit-dupont,318,338,1.02,3
rit-dupont,315,308,1.02,4
rit-dupont,317,340,1.02,4
rit-dupont,96,112,1.02,3
rit-dupont,97,99,1.02,2
rit-dupont,92,107,1.02,3
rit-dupont,104,109,1.02,2
rit-dupont,101,89,1.02,3
rit-dupont,91,105,1.02,2
rit-dupont,266,275,1.02,4
rit-dupont,259,260,1.02,6
rit-dupont,267,264,1.02,5
rit-dupont,261,268,1.02,5
rit-dupont,269,272,1.02,2
rit-dupont,271,265,1.02,3
rit-dupont,263,277,1.02,6
rit-dupont,54,61,1.02,3
rit-dupont,37,28,1.02,4
rit-dupont,30,33,1.02,2
rit-dupont,53,60,1.02,4
rit-dupont,51,59,1.02,3
rit-dupont,23,25,1.02,2
rit-dupont,24,32,1.02,2
rit-dupont,373,396,1.02,4
rit-dupont,369,377,1.02,4
rit-dupont,367,366,1.02,4
rit-dupont,368,387,1.02,5
rit-dupont,364,375,1.02,3
rit-dupont,370,360,1.02,4
rit-dupont,372,395,1.02,5
rit-dupont,72,82,1.02,3
rit-dupont,79,80,1.02,3
rit-dupont,71,69,1.02,3
rit-dupont,74,81,1.02,4
rit-dupont,77,84,1.02,2
rit-dupont,68,65,1.02,2
rit-dupont,70,87,1.02,4
rit-dupont,455,463,1.02,4
rit-dupont,464,467,1.02,2
rit-dupont,452,453,1.02,2
rit-dupont,459,466,1.02,4
rit-dupont,461,465,1.02,2
rit-dupont,458,454,1.02,2
rit-dupont,449,456,1.02,5
rit-dupont,125,111,1.02,3
rit-dupont,120,116,1.02,5
rit-dupont,119,123,1.02,5
rit-dupont,121,117,1.02,5
rit-dupont,128,129,1.02,5
rit-dupont,106,100,1.02,7
rit-dupont,126,115,1.02,3
rit-dupont,108,113,1.02,2
rit-dupont,88,78,1.02,3
rit-dupont,147,141,1.02,2
rit-dupont,153,145,1.02,4
rit-dupont,149,148,1.02,4
rit-dupont,152,144,1.02,6
rit-dupont,154,155,1.02,2
rit-dupont,140,134,1.02,6
rit-dupont,139,135,1.02,2
rit-dupont,138,142,1.02,3
rit-dupont,133,132,1.02,2
rit-dupont,296,281,1.02,3
rit-dupont,300,298,1.02,2
rit-dupont,291,292,1.02,3
rit-dupont,288,287,1.02,2
rit-dupont,289,295,1.02,2
rit-dupont,283,274,1.02,4
rit-dupont,285,279,1.02,2
rit-dupont,280,284,1.02,3
rit-dupont,282,273,1.02,2
rit-dupont,190,162,1.02,3
rit-dupont,194,163,1.02,3
rit-dupont,195,171,1.02,7
rit-dupont,182,168,1.02,8
rit-dupont,210,207,1.02,3
rit-dupont,209,206,1.02,3
rit-dupont,198,178,1.02,6
rit-dupont,189,173,1.02,7
rit-dupont,196,204,1.02,2
rit-dupont,192,201,1.02,2
rit-dupont,184,161,1.02,6
rit-dupont,181,164,1.02,2
rit-dupont,176,205,1.02,3
rit-dupont,179,160,1.02,3
rit-dupont,382,371,1.02,3
rit-dupont,385,380,1.02,2
rit-dupont,392,388,1.02,2
rit-dupont,383,379,1.02,3
rit-dupont,378,363,1.02,4
rit-dupont,352,346,1.02,2
rit-dupont,359,362,1.02,3
rit-dupont,376,365,1.02,3
rit-dupont,200,169,1.02,2
rit-dupont,191,175,1.02,2
rit-dupont,199,193,1.02,3
rit-dupont,203,186,1.02,2
rit-dupont,208,232,1.02,5
rit-dupont,180,166,1.02,3
rit-dupont,187,170,1.02,3
rit-dupont,172,188,1.02,2
rit-dupont,174,159,1.02,3
rit-dupont,243,219,1.02,3
rit-dupont,220,197,1.02,3
rit-dupont,228,229,1.02,3
rit-dupont,233,224,1.02,2
rit-dupont,246,236,1.02,4
rit-dupont,247,252,1.02,4
rit-dupont,245,250,1.02,3
rit-dupont,404,399,1.02,4
rit-dupont,413,405,1.02,3
rit-dupont,416,412,1.02,3
rit-dupont,417,409,1.02,3
rit-dupont,418,414,1.02,2
rit-dupont,407,400,1.02,4
rit-dupont,408,401,1.02,2
rit-dupont,406,415,1.02,3
rit-dupont,410,402,1.02,3
rit-dupont,326,314,1.02,2
rit-dupont,330,323,1.02,2
rit-dupont,328,329,1.02,3
rit-dupont,333,332,1.02,2
rit-dupont,336,339,1.02,2
rit-dupont,342,321,1.02,3
rit-dupont,344,324,1.02,3
rit-dupont,345,348,1.02,2
rit-dupont,341,320,1.02,3
rit-dupont,15,2,1.02,3
rit-dupont,10,5,1.02,2
rit-dupont,8,1,1.02,3
rit-dupont,14,9,1.02,2
rit-dupont,13,18,1.02,2
rit-dupont,3,0,1.02,2
rit-dupont,316,303,1.02,4
rit-dupont,313,305,1.02,9
rit-dupont,310,309,1.02,7
rit-dupont,311,302,1.02,7
rit-dupont,318,307,1.02,3
rit-dupont,315,322,1.02,4
rit-dupont,317,306,1.02,4
rit-dupont,96,83,1.02,2
rit-dupont,93,90,1.02,2
rit-dupont,97,95,1.02,3
rit-dupont,92,85,1.02,3
rit-dupont,104,94,1.02,2
rit-dupont,101,110,1.02,3
rit-dupont,91,86,1.02,2
rit-dupont,266,256,1.02,4
rit-dupont,259,258,1.02,8
rit-dupont,267,270,1.02,6
rit-dupont,261,257,1.02,6
rit-dupont,269,262,1.02,3
rit-dupont,271,278,1.02,4
rit-dupont,263,255,1.02,5
rit-dupont,54,38,1.02,3
rit-dupont,37,44,1.02,3
rit-dupont,30,27,1.02,2
rit-dupont,53,34,1.02,3
rit-dupont,51,35,1.02,4
rit-dupont,23,22,1.02,2
rit-dupont,24,21,1.02,3
rit-dupont,373,358,1.02,4
rit-dupont,369,361,1.02,3
rit-dupont,367,374,1.02,4
rit-dupont,368,357,1.02,5
rit-dupont,364,355,1.02,3
rit-dupont,370,381,1.02,4
rit-dupont,372,354,1.02,4
rit-dupont,72,64,1.02,3
rit-dupont,79,75,1.02,3
rit-dupont,71,73,1.02,3
rit-dupont,74,67,1.02,5
rit-dupont,77,66,1.02,3
rit-dupont,68,76,1.02,2
rit-dupont,70,63,1.02,4
rit-dupont,455,448,1.02,4
rit-dupont,464,462,1.02,2
rit-dupont,452,450,1.02,2
rit-dupont,459,451,1.02,4
rit-dupont,461,457,1.02,3
rit-dupont,458,460,1.02,2
rit-dupont,449,442,1.02,5
witt,482,477,0.573097,2
witt,482,487,0.866109,4
witt,482,475,1.133267,6
witt,482,473,1.503841,9
witt,482,471,1.745145,11
witt,482,485,0.633423,2
witt,482,499,1.107413,6
witt,482,496,1.460751,8
witt,482,494,1.646038,9
witt,482,502,1.831325,11
witt,482,506,1.016924,2
witt,482,513,1.236683,2
witt,482,517,1.641729,3
witt,482,521,1.822707,3
witt,482,459,1.443515,2
witt,482,455,1.736527,2
witt,482,447,2.012303,3
witt,482,525,0.909199,3
witt,482,529,1.240992,4
witt,482,533,1.572785,6
witt,482,537,1.960595,7
witt,482,442,0.831637,2
witt,482,438,1.081559,3
witt,482,434,1.447824,5
witt,371,347,0.978143,2
witt,371,370,1.456442,2
witt,371,375,1.495223,2
witt,371,373,1.960595,3
witt,371,391,1.297009,2
witt,371,388,1.572785,3
witt,371,385,1.76669,3
witt,371,405,1.654656,2
witt,371,408,1.986449,2
witt,371,342,1.534004,2
witt,371,337,1.904578,2
witt,371,417,1.180666,2
witt,371,426,1.572785,2
witt,371,430,1.917505,3
witt,371,421,0.642041,2
witt,371,333,0.840255,2
witt,371,329,0.99107,2
witt,371,325,1.258228,2
witt,371,321,1.615875,3
witt,151,149,0.297321,2
witt,151,134,0.417973,5
witt,151,126,0.486917,9
witt,151,123,0.590333,11
witt,151,122,0.745457,14
witt,151,187,0.370574,4
witt,151,191,0.448136,6
witt,151,195,0.616187,8
witt,151,199,0.792856,10
witt,151,181,0.435209,2
witt,151,161,0.555861,2
witt,151,152,0.745457,3
witt,151,158,0.827328,3
witt,151,137,0.327484,2
witt,151,172,0.448136,2
witt,151,146,0.51708,3
witt,151,168,0.685131,4
witt,151,142,0.810092,5
witt,151,205,1.159121,4
witt,151,120,0.999688,3
witt,151,111,1.16343,4
witt,151,110,1.59433,5
witt,271,283,0.486917,2
witt,271,292,0.81871,3
witt,271,298,0.982452,4
witt,271,305,1.146194,5
witt,271,253,0.530007,2
witt,271,246,0.672204,3
witt,271,222,0.956598,4
witt,271,226,1.12034,4
witt,271,274,0.590333,2
witt,271,279,0.642041,2
witt,271,286,0.870418,2
witt,271,297,1.029851,2
witt,271,257,0.525698,2
witt,271,238,0.667895,2
witt,271,243,0.797165,2
witt,271,235,0.952289,3
witt,271,302,0.60326,2
witt,271,308,0.913508,3
witt,271,313,1.029851,4
witt,271,317,1.219447,5
witt,271,229,0.538625,2
witt,271,219,0.827328,3
witt,271,216,1.03416,5
witt,271,212,1.197902,6
witt,54,96,0.361956,2
witt,54,84,0.51708,2
witt,54,98,0.586024,4
witt,54,24,0.379192,3
witt,54,45,0.413664,3
witt,54,20,0.469681,4
witt,54,18,0.611878,4
witt,54,81,0.461063,2
witt,54,88,0.676513,2
witt,54,41,0.405046,2
witt,54,31,0.512771,3
witt,54,36,0.56017,3
witt,54,102,0.814401,3
witt,54,107,0.90489,3
witt,54,15,0.551552,2
witt,54,9,0.702367,3
witt,54,5,0.870418,4
witt,54,2,0.986761,5
witt,476,484,0.805783,4
witt,476,480,0.676513,2
witt,476,467,0.710985,2
witt,476,508,0.719603,2
witt,476,489,0.667895,2
witt,357,343,1.012615,2
witt,357,398,0.844564,2
witt,357,418,0.598951,3
witt,150,165,0.361956,3
witt,150,179,0.310248,2
witt,276,259,0.611878,2
witt,276,264,0.405046,2
witt,276,249,0.564479,2
witt,486,498,1.719291,10
witt,486,504,0.99107,5
witt,486,461,1.271155,4
witt,486,524,1.516768,6
witt,486,450,1.016924,3
witt,346,377,1.439206,3
witt,346,396,1.370262,3
witt,346,350,1.404734,2
witt,346,410,1.219447,3
witt,346,330,1.150503,2
witt,135,188,0.573097,9
witt,135,182,0.461063,7
witt,135,173,0.499844,3
witt,135,206,1.12034,7
witt,135,128,0.706676,5
witt,135,112,1.396116,5
witt,282,252,0.90489,3
witt,282,273,0.64635,2
witt,282,256,0.685131,2
witt,89,23,0.629114,4
witt,474,495,2.150191,14
witt,474,512,1.228065,6
witt,474,457,1.76669,6
witt,474,526,2.227753,9
witt,474,439,1.486605,5
witt,369,390,2.094174,4
witt,369,381,1.538313,2
witt,369,362,1.844252,2
witt,369,416,1.7236,4
witt,369,328,1.473678,2
witt,125,190,0.853182,15
witt,125,160,0.702367,11
witt,125,144,0.594642,6
witt,293,247,1.279773,5
witt,293,281,0.866109,4
witt,293,240,0.969525,4
witt,293,309,0.917817,4
witt,293,220,1.189284,5
witt,95,44,0.706676,5
witt,95,70,0.598951,2
witt,95,39,0.456754,3
witt,95,74,0.439518,2
witt,95,8,0.844564,5
witt,472,493,2.632799,18
witt,472,515,1.908887,10
witt,472,453,2.102792,9
witt,472,532,2.731906,12
witt,472,437,2.059702,7
witt,374,387,2.400113,5
witt,374,404,1.930432,3
witt,374,341,2.064011,3
witt,374,425,1.814089,4
witt,374,324,1.710673,3
witt,124,197,1.193593,19
witt,124,155,0.943671,14
witt,124,171,0.758384,7
witt,124,116,1.503841,8
witt,299,223,1.546931,7
witt,299,287,1.081559,5
witt,299,244,1.240992,5
witt,83,19,0.840255,6
witt,83,79,0.698058,4
witt,83,29,0.607569,3
witt,470,500,2.796541,22
witt,470,519,2.150191,12
witt,470,445,2.447512,11
witt,470,535,3.248986,15
witt,470,432,2.41304,8
witt,372,384,2.805159,6
witt,372,407,2.313933,4
witt,372,336,2.503529,3
witt,372,429,2.490602,6
witt,372,320,2.227753,4
witt,121,198,1.2927,24
witt,121,157,1.03416,17
witt,121,141,0.969525,9
witt,304,224,1.917505,8
witt,304,294,1.24961,7
witt,304,231,1.50815,6
witt,304,315,1.301318,7
witt,304,210,1.883033,10
witt,97,17,1.116031,8
witt,97,87,0.943671,5
witt,97,35,0.650659,5
witt,97,106,0.935053,3
witt,97,1,1.202211,9
witt,483,479,0.762693,2
witt,483,466,0.667895,2
witt,166,139,0.288703,3
witt,497,503,1.262537,5
witt,497,462,1.361644,6
witt,376,394,1.516768,2
witt,189,184,0.495535,2
witt,189,176,0.521389,6
witt,189,131,0.590333,4
witt,189,117,1.361644,7
witt,254,275,0.754075,2
witt,254,258,0.659277,3
witt,254,303,0.870418,4
witt,254,230,0.435209,2
witt,22,66,0.422282,3
witt,22,56,0.616187,3
witt,22,75,0.676513,3
witt,22,13,0.469681,2
witt,389,379,1.878724,2
witt,389,359,1.46506,2
witt,192,163,0.633423,4
witt,192,148,0.624805,9
witt,192,208,1.318554,5
witt,245,278,0.969525,4
witt,245,236,0.805783,4
witt,43,69,0.495535,3
witt,43,38,0.64635,3
witt,492,514,1.827016,8
witt,492,452,2.120028,9
witt,492,530,2.201899,7
witt,492,435,2.473366,11
witt,386,403,2.1545,3
witt,386,340,1.878724,3
witt,386,424,1.956286,3
witt,386,323,1.874415,5
witt,196,153,0.887654,5
witt,196,169,0.956598,12
witt,196,114,1.288391,11
witt,221,284,1.318554,5
witt,221,241,0.99107,4
witt,221,310,1.546931,8
witt,221,213,1.003997,4
witt,21,82,0.551552,4
witt,21,32,0.767002,4
witt,21,103,1.03416,7
witt,21,6,0.844564,3
witt,501,520,2.081247,10
witt,501,446,2.438894,11
witt,383,406,2.296697,3
witt,383,334,2.275152,3
witt,200,159,1.090177,7
witt,200,143,1.060014,15
witt,225,296,1.577094,6
witt,225,234,1.116031,6
witt,16,86,0.749766,3
witt,16,34,0.896272,4
witt,177,136,0.400737,2
witt,505,463,1.641729,3
witt,395,349,1.732218,2
witt,183,174,0.659277,4
witt,183,113,1.365953,5
witt,272,255,0.870418,2
witt,272,300,0.801474,3
witt,272,227,0.741148,2
witt,65,55,0.51708,2
witt,65,73,0.620496,2
witt,65,12,0.512771,2
witt,511,456,2.262225,4
witt,380,361,2.003685,2
witt,162,147,0.883345,5
witt,162,207,1.301318,4
witt,162,129,0.616187,2
witt,280,239,1.072941,3
witt,71,40,0.676513,3
witt,516,454,2.572473,5
witt,402,339,2.219135,4
witt,154,170,1.223756,7
witt,285,242,1.409043,3
witt,285,311,1.197902,4
witt,285,214,1.370262,6
witt,80,30,0.823019,5
witt,80,101,0.982452,3
witt,80,4,0.874727,4
witt,518,443,3.111098,6
witt,409,338,2.658653,4
witt,156,140,1.374571,8
witt,156,204,1.400425,5
witt,295,233,1.620184,5
witt,85,33,1.016924,5
witt,367,420,0.64635,2
witt,263,288,0.465372,2
witt,460,522,1.469369,4
witt,351,412,1.33579,2
witt,351,332,1.193593,2
witt,175,130,0.710985,2
witt,175,115,1.486605,5
witt,458,528,2.081247,6
witt,458,441,1.719291,2
witt,360,415,1.447824,2
witt,360,327,1.521077,2
witt,145,203,1.232374,5
witt,237,307,1.167739,5
witt,237,218,0.909199,2
witt,42,11,0.887654,2
witt,167,201,1.275464,6
witt,444,534,3.167115,10
witt,444,431,2.774996,6
witt,335,428,2.503529,5
witt,335,319,2.232062,3
witt,232,316,1.628802,7
witt,232,211,1.37888,4
witt,37,108,1.038469,5
witt,37,3,1.20652,4
witt,185,132,0.702367,2
witt,185,118,1.309936,4
witt,291,251,0.633423,2
witt,523,449,1.236683,4
witt,411,331,1.503841,3
witt,193,109,1.848561,6
witt,301,228,0.926435,4
witt,76,14,0.848873,3
witt,527,440,1.844252,6
witt,414,326,1.917505,3
witt,202,119,1.900269,7
witt,306,217,1.391807,6
witt,100,10,0.995379,4
witt,531,436,2.365641,9
witt,423,322,2.344096,4
witt,312,215,1.732218,9
witt,104,7,1.469369,7
witt,536,433,3.0163,11
witt,427,318,2.999064,6
witt,314,209,2.055393,11
witt,105,0,1.581403,8
